Context,English,short_translation_key,Bahasa Melayu,简体中文,繁體中文,日本語, العربية ,Arabic- Extra,Bahasa Indonesia,Svenska,Tagalog,Español (México),Deutsch,Burmese,Polski,Italiano,हिंदी ,اردو,Tiếng Việt,Português Brasileiro,தமிழ்,Français,Filipino(Ilocano),Filipino (Bikolano),Nederlands
language,English,,Malay,Simplified Chinese,Traditional Chinese,Japanese,Arabic,,,Sweden,,"Spanish, Mexico",German,Myammar,Polish,Italian,Hindi,Urdu,Vietnamese,Portuguese,Tamil,French,,,Dutch
langcode,en,,ms,zh-hans,zh-hant,ja,ar,,id,sv,tl,es-mx,de,my,pl,it,hi,ur,vi,pt-br,,fr,,,nl
Menu,Home,home,Laman Utama,主页,主頁,ホーム,الرئيسية,,Beranda,Hem,Home,Inicio,Start,ပင်မစာမျက်နှာ,Strona główna,Home/Pagina principale,घर,مرکزی صفحہ/پیج/ہوم,Trang chủ,Início,முகப்பு,Accueil,Home/Rugi,Home,
Menu,Travel Alert,travel_alert,Amaran Pelancongan,旅遊警报,旅遊警報,旅行警告、渡航勧告,تحذيرات السفر,,Peringatan Perjalanan,Reseinformation,Abiso para sa Paglalakbay,Alertas de Viaje,Reisewarnung,ခရီးသွား သတိပေးချက်,Ostrzeżenie dla podróżujących,Avvisi per i viaggiatori,यात्रा चेतावनी,سفری الرٹ/انتباہ,Cảnh báo du lịch,Alertas de viagem,"பயண எச்சரிக்கை",Conseils Voyageurs,Abiso ti Panagbyahe,Abiso sa Pagbyahe,
Menu,What is COVID-19,whats_covid,Apa itu COVID-19,什么是 COVID-19,什麼是 COVID-19,COVID-19とは,ما هو كوفيد-19,,Apa itu COVID-19,Vad är COVID-19,Ano ang COVID-19?,¿Qué es COVID-19?,Was ist COVID-19,ကိုရိုနာဗိုင်းရပ်စ်ပိုး ဆိုတာ,Co to COVID-19,Che cos'è il COVID-19,क्या है COVID-19,"
کورونا وائرس کیا ہے؟",COVID-19 là gì?,O que é o COVID-19,COVID-19 என்றால் என்ன?,Qu'est-ce que le COVID-19,Ana ti COVID-19?,Ano an COVID-19,
Menu,Prevention,prevention,Pencegahan,预防手册,預防手冊,予防(法),الوقاية,,Pencegahan,Förebyggande,Iwasan ang COVID-19,Prevención,Prävention,ကာကွယ်မှု,Zapobieganie,Prevenzione,निवारण,روک تھام/احتیاط,Cách phòng ngừa,Prevenção,முன்னெச்சரிக்கை,Prévention,Prebention,Paglikay sa COVID-19,
Menu,Analytics,analytics,Analisis,数据分析,數據分析,データ分析,إحصائيات,,Analitik,Analys,Pagsusuri,Análisis,Analysen,ခွဲခြမ်းစိတ်ဖြာခြင်း,Analiza,Analisi,वैश्लेषिकी,تجزیات,Phân tích,Estatísticas,பகுப்பாய்வு,Analyse,Analays,Pagsusuri,
Menu,About,about,Mengenai Kami,关与我们,關於我們,組織概要,من نحن,,Tentang,Om,Tungkol sa CoronaTracker,Quiénes somos,Über uns,အကြောင်းအရာ,O nas,Chi siamo,विषय में,بمتعلق,Giới thiệu,Sobre,எங்களை பற்றி,À propos,Panggep,An Corona Tracker,
Menu,Blog,blog,,,,,,,,Blogg,Blog,,Blog,,Blog,,,,,Blog,,Blog,,,
Home,Live,live,Secara Lansung,时事更新,時事更新,ライブ配信,يحدث الآن,,Langsung,Live,Live,En Vivo,Live,တိုက်ရိုက်သတင်း,Na żywo,In diretta,लाइव,براہ راست,,Ao Vivo,நேரலை,Live,Live,Live,
Home,Stats Overview,stats_overview,Gambaran Statistik,数据统计,數據統計,予約統計量,نظرة عامة,,Statistik Secara Umum,"
Statistisk översikt",Overview ng Stats,Estadísticas Generales,Übersicht der Fallzahlen,စာရင်း အနှစ်ချုပ်,Dane statystyczne,Statistiche generali /Panoramica generale,आंकड़ों का अवलोकन , اعدادوشمار کا جائزہ,Biểu đồ tổng quan,Estatísticas Gerais,புள்ளிவிவர கண்ணோட்டம்,Bilan,,Overview kan Stats,
Home,Global,global,Global,全球,全球,全世界,عالميا,"For ""Confirmed"", ""Recovered"", ""Deaths"" in the side bar. Because, they can't be translated as the ones in the Stats Overflow section  ⬇⬇⬇",,Globalt,Buong Mundo,Global,Weltweit,ကမ္ဘာလုံးဆိုင်ရာ,Ze świata (globalne),Nel mondo,वैश्विक,عالمی,Thế giới,Mundial,குளோபல்,Global,Lubong,Bilog na Kinab-an,
Home,Confirmed,confirmed,Disahkan,确诊,確診,感染者数,مصاب,المصابين,Terkonfirmasi,Bekräftade,Kumpirmado,Confirmados,Bestätigt,အတည်ပြုပြီး,Potwierdzone,Confermati,बीमार,تصدیق شدہ,Nhiễm bệnh,Confirmados,உறுதியானது,Confirmés,Kumpirmado,Kumpirmado,
Home,Recovered,recovered,Pulih,治愈,治癒,完治者数,متعافى,المتعافيين,Sembuh,Tillfrisknade,Gumaling,Recuperados,Genesen,ကုသပြီး,Wyleczeni,Guariti,स्वस्थ,صحتیاب,Khỏi bệnh,Curados,குணமானவர்கள்,Rétablis,Nakalasat,Nagrahay,
Home,Deaths,deaths,Kematian,死亡,死亡,死亡者数,متوفي,المتوفيين,Meninggal,Antalet döda,Namatay,Decesos,Todesfälle,သေဆုံး,Zgony,Morti,लोगों की मृत्यु,اموات,Tử vong,Mortes,இறந்தவர்கள் ,Décès,Natay,Nagadan,
Home,more details,more details,lebih lanjut,查看更多,查看更多,詳細,تفاصيل أكثر,,lebih detil,mer detaljer,karagdagang detalye,más detalles,Weitere Details,အသေးစိတ်,więcej ,Maggiori dettagli,अधिक जानकारी,  مزید تفصیلات,Chi tiết,mais detalhes,மேலும் படிக்க,plus de détails,Nayon nga impormasiyon,Dagdag na Detalye,
Home,Search,search,Carian,搜索,搜索,検索,بحث,,Cari,Sök,Hanapin,Buscar,Suche,ရှာဖွေရန်,Szukaj,Cerca,खोज,تلاش,Tìm kiếm,Buscar,தேடு ,Rechercher,Biruken,Hanapon,
Home,Verified News,verified_news,Berita yang disahkan,已确认新闻,已確認新聞,認定されたニュース,أخبار موثقة,,Berita yang disetujui,Verifierade nyheter,Mga Balita,Noticias Verificadas,Verifizierte Nachrichten,အတည်ပြုပြီး သတင်းများ,Zweryfikowane Wiadomości,Notizie verificate,सत्यापित समाचार,تصدیق شدہ نيوز,Tin tức,Notícias Verificadas,சரிபார்க்கப்பட்ட செய்திகள்,Informations Vérifiées,Pudno nga damag,Mga Bareta,
Home,Clear All,clear_all,Padam semua,清除,清除,削除,إلغاء,,Hapus Semua,Återställ,Burahin Lahat,Borrar filtros,Alles löschen,ရှင်းလင်းရန်,Usuń wszystko,Cancella tutto,साफ करें,سب کچھ صاف کریں,Xoá,Limpar Tudo,"அனைத்தையும் அழி
",Effacer les Filtres,Ikkaten Amin,Buraon Gabos,
Home,No result,no_result,,,,,لا يوجد نتيجة,,Tidak ada data,Inget resultat,,,Kein Treffer gefunden,မရှိပါ,Brak wyników,,कोई परिणाम नही,نتیجہ کچھ بھی نہیں ہے,Không có kết quả,Sem resultados,தேடுதல் முடிந்தது,Aucun résultat,Awan ti Resulta,Warang resulta,
Home,Prev,prev,Sebelum,上一页,上一頁,前,السابق,,Sebelumnya,Föregående,Nauna,Anterior,Neueste,နောက်သို့,Poprzedni,Precedente,पिछला,پچھلا,Trước,Anterior,முன்,Préc.,Ummuna,Nainot,
Home,Next,next,Selepas,下一页,下一頁,次,التالي,,Selanjutnya,Nästa,Susunod,Siguiente,Älteste,ရှေ့ဆက်ရန်,Następny,Successivo,अगला,ااگلا,Tiếp theo,Próximo,அடுத்தது,Suiv.,Sumaruno,Sunod,
Home,Countries Affected,countries_affected,Negara yang terkesan,受影响国家,受影響國家,被災国,الدول المتأثرة,,Negara Terdampak,Drabbade länder,Apektadong mga Bansa,Países Afectados,Betroffene Länder,ကူးစက်ပြီး နိုင်ငံ,Kraje zainfekowane,Stati colpiti,देश प्रभावित हुए,متاثرہ ممالک,Quốc gia và vùng lãnh thổ bị ảnh hưởng,Países Afetados,பாதிக்கப்பட்ட நாடுகள்,Pays Affectés,Apectado nga bansa,Mga Apektadong Nasyon,
Home,Source,source,Sumber,资料来源,資料來源,情報源,المصدر,,Sumber,Källa,Pinagmulan,Fuente,Quelle,သတင်းရင်းမြစ်,źródło,Fonte,स्रोत,ذریعہ,Nguồn,Fonte,ஆதாரம்,Source,Pinagrugyanan,Sain Hale,
Home,and various international media,international_media,dan pelbagai media antarabangsa,以及其他国际媒体,以及其他國際媒體,と様々な国際媒体,و وكالات الأنباء العالمية,,dan berbagai media internasional,och diverse internationell media,at iba pang media mula sa iba't ibang bansa,y diversos medios internacionales,und verschiedene internationale Medien,အမျိုးမျိုးသော နိုင်ငံတကာ မီဒီယာများ,I różne międzynarodowe media,e diversi media internazionali,और विभिन्न अंतरराष्ट्रीय मीडिया,اور مختلف بین الاقوامی میڈیا,phương tiện truyền thông quốc tế,e várias mídias internacionais,"மற்றும் பல்வேறு சர்வதேச ஊடகங்கள்",et divers médias internationaux,manipod dagiti interasyonal nga media,International Media,
Home,Click on a country for more info,click_country_hint_info,,,,,,,,,,,,,,,,,,,,,,,
Home,Hint,hint,,,,,,,,,,,,,,,,,,,,,,,
Home,Country,country,Negara,国家,國家,国,الدولة,,Negara,Land,Bansa,País,Land,နိုင်ငံ,Kraj,Stato,देश ,ملک,Quốc gia,País,நாடு,Pays,Bansa,Nasyon,
Home,Cases identified on a cruise ship currently in Japanese territorial waters.,cruise_ship_notice,,,,日本の領海にあるクルーズで確認されたケース,حالات تم اكتشافها كانت على متن باخرة بحرية في المياه الاقليمية اليابانية.,,Kasus yang diidentifikasi di kapal pesiar saat ini di perairan teritorial Jepang.,Identifierade fall på ett kryssningsfartyg som just nu befinner sig på japanskt territorialvatten.,Ang mga kaso na nasuri sa isang barko ng cruise na kasalukuyang nasa teritoryo ng Hapon.,Casos identificados en el crucero estacionado en las aguas territoriales de Japón.,"Fälle, die auf einem Kreuzfahrtschiff identifiziert wurden, welches sich derzeit in japanischen Hoheitsgewässern befindet.",ဂျပန်ရေပိုင်နက်အတွင်း လတ်တလောရောက်ရှိနေသည့် အပျော်စီးသင်္ဘောမှ အမှုတွဲများ,Przypadki zidentyfikowane na promie znajdującym się na wodach terytorialnych Japonii,Casi identificati su una nave da crociera attualmente in acque territoriali giapponesi,जापानी समुद्री जल में वर्तमान में एक क्रूज जहाज पर पहचाने गए मामले,ایسے مریض جن کی شناخت کروز جہاز پر کی جاتی ہے جو جاپانی علاقائی پانی میں موجود ہے۔,Các trường hợp được xác nhận trên một tàu du lịch hiện đang ở trong lãnh hải của Nhật Bản,Casos identificados em um cruzeiro atualmente em território marítimo japonês.,"தற்போது ஜப்பானிய பிராந்திய நீரில் ஒரு கப்பலில் அடையாளம் காணப்பட்ட பாதிக்கப்பட்டவர்கள் .",Cas identifiés sur un bateau de croisière dans les eaux territoriales japonaises.,Dagito kaso nga na identify jiay cruise ship ket adda ijiay teritoryo ti Japan.,Mga kaso sa barko na nasa teritoryo kan mga Hapon,
Home,Full list here,full_list,Senarai penuh disini,,,全目録はこちら,القائمة الكاملة,,Lihat semua daftar,Hela listan här,Kumpletong Listahan Dito,Lista completa,Komplette Liste,စာရင်း အပြည့်အစုံ,Kompletna lista,Lista completa qui,पूरी सूची यहाँ,مکمل فہرست یہاں موجود ہے,Danh sách đầy đủ,Lista completa aqui,"முழு பட்டியல் இங்கே",Voir la liste complète,Kumpleto nga listaan ditoy,An Kumpletong Listahan,
Home,Steps,steps,Langkah-langkah,步骤,步驟,手順、方法,خطوات,,Langkah-langkah,Steg,Mga Hakbang,Pasos,Maßnahmen ,အဆင့်များ,Jakie kroki należy podjąć,Passi,उपाय,اقدامات,Các bước,Passos,நடவடிக்கைகள் ,Mesures de protection,Dagiti pamay~an ,,
Home,to prevent coronavirus,prevent_coronavirus,untuk menghalang coronavirus,预防病毒,預防病毒,感染予防,الوقاية من فيروس كورونا,,untuk mencegah coronavirus,för att förhindra coronaviruset,para mapigilan ang coronavirus,para prevenir el coronavirus,", um eine Infektion mit dem Corona-Virus zu verhindern",Corona Virus ကာကွယ်ရန်,aby nie zostać zainfekowanym Korona wirusem,per prevenire il coronavirus,Coronavirus को रोकने के लिए,,để ngăn chặn virus corona,para prevenir o coronavírus,"கொரோனா வைரஸைத் தடுக்க",contre le coronavirus,tapnu malapdan ti virus,para mapugulan an coronavirus,
Home,Read and share this with others,read_and_share,Baca dan kongsi dengan yang lain,,閱讀及與他人分享,目を通して共有しましょう,اقرأ و شاركه مع الآخرين,,Baca dan bagikan untuk yang lainnya,Läs och dela det här med andra,Basahin at ipamahagi sa ibang tao,Léelo y compártelo con otros ,Bitte lesen und teilen Sie,ဖတ်ရှုရန်နှင့် မျှဝေရန်,Przeczytaj i udostępnij dalej,Leggi e condividi,पढ़े और लोगो के साथ शेयर करे,,Đọc và chia sẻ điều này với nhiều người khác,Leia e compartilhe com outros,"இதைப் படித்து மற்றவர்களுடன் பகிர்ந்து கொள்ளுங்கள்",Lisez et partagez cette information avec d'autres,basa-en ken ipakaammo kadagiti tat-tao,Basahon nan ipasa sa iba,
Home,Learn how,learn_how,Belajar Bagaimana Cara,,學習如何,学びましょう,اعرف كيف !,,Pelajari lebih lanjut,Läs mer,Alamin kung paano,Aprende cómo,Mehr erfahren ,လေ့လာရန်,Naucz się jak,Impara come,सीखें किस तरह,,Học cách,Aprenda como,"எப்படி என்பதை அறிக",Apprendre les bons gestes,Ammuwem nu kasatno,Aramon kun pan-o,
Home,Screening Centres,screening_centres,Pusat Tapisan,,防疫中心,検査センター,مراكز الفحص,,Pusat Penyaringan,Screening Center,Screening Centres,Centros de Detección,Screening-Zentren,စောင့်ကြည့် ဌာန,(in Poland does not egsist),Centri di valutazione,स्क्रीनिंग केंद्र,,Trung tâm theo dõi,Centros de Triagem,"திரையிடல் மையங்கள்",Centres de Dépistage,Centro ti panagsayasat,Screening Centres,
Home,Select Region,select_region,Pilih Kawasan,,選擇區域,地域を選択,اختر المنطقة,,Pilih daerah,Välj region,Piliin ang Rehiyon,Seleccionar Región,Region auswählen,ဒေသ ရွေးချယ်ရန်,Wybierz region,Seleziona la regione,क्षेत्र चुने,,Chọn khu vực,Selecione Região,உங்கள் ஊரை தேர்ந்தெடுக்கவும்,Sélectionner la Région,Agpili ti Rehiyon,Pilion an Rehiyon,
Home,Help us collate the locations for your country!,help_us_locations,Bantu kami untuk mengumpulkan data lokasi negara anda,,幫助我們整理您所在國家的位置!,自国で確認された感染者数の情報共有をご協力願います,ساعدنا في تجميع المراكز في دولتك,,Bantu kami menyusun lokasi untuk negara anda!,Hjälp oss att sammanställa platserna för ditt land!,Tulungan mo kaming likumin ang mga lokasyon para sa iyong bansa,¡Ayúdanos a comparar los terriotorios de tu país!,"Helfen Sie uns, die Standorte für Ihr Land zusammenzustellen!",သင့်နိုင်ငံအတွက်တည်နေရာများကိုစုဆောင်းရန်ကူညီပါ,Pomóż nam ustalić lokalizacje Twojego kraju,aiutaci a collocare i luoghi nella tua nazione,अपने देश के स्थानों को समेटने में हमारी सहायता करें,,Hãy giúp chúng tôi đối chiếu với các địa điểm ở đất nước của bạn,Ajude-nos a compilar os locais para o seu país!,"உங்கள் நாட்டிற்கான இருப்பிடங்களை இணைக்க எங்களுக்கு உதவுங்கள்!",,Tulungan dakami nga biruken ti lokasyan dita pagilyan yu.,Tuwangan kaming tipunon an mga lokasyon sa saimong nasyon,
Home,Join our Telegram group,join_telegram,Sertai saluran Telegram kami,,加入我們的 Telegram 群組,我々のTelegramグループへのご参加をお待ちしております,انضم إلى قناتنا على التليجرام,,Bergabung dengan grup Telegram kami,Gå med i vår Telegram grupp,Sumali sa aming grupo sa Telegram,Únete a nuestro grupo en Telegram,Schließen Sie sich unserer Telegram-Gruppe an.,ကျွန်ုပ်တို့၏ Telegram အုပ်စုနှင့်ဆက်သွယ်ပါ,Dołącz do nas na Telegramie,unisciti al nostro gruppo Telegram,हमारे Telegram Group में शामिल हो,,Tham gia nhóm Telegram ,Junte-se ao nosso grupo no Telegram,எங்கள் டெலக்ராம் குழுவில் சேரவும்,Rejoignez notre groupe Telegram,Sumali ka ti grupo mi ti Telegram,Mag-entra sa samong grupo sa Telegram ,
Home,GET IT ON,get_it_on,Mari Mulakan!,,,始めましょう！,GET IT ON,,DAPATKAN SEKARANG,Sätt igång!,Tara na! ,Comenzar,Starten,ရပီ,Wejdź w,,-,,,,இதை பெறுங்கள் ,,Rugyan tan,Puunan ta na,
Travel Alert,Travel Alert Information,travel_alert_information,Informasi Notis Perjalanan,,,渡航危険情報,معلومات عن تحذيرات السفر,,Informasi Peringatan Perjalanan,Reseinformation,Impormasyon sa Paglalakbay,Información sobre Alertas de Viajes,Informationen über Reisewarnungen,ခရီးသွား သတိပေးချက်,Informacja dla podróżujących,Avvisi per i viaggiatori,यात्रा चेतावनी की जानकारी,,Cảnh báo du lịch,Informações de Alerta de Viagem,"பயண எச்சரிக்கை தகவல்",Conseils aux Voyageurs,Abiso iti panag pasyar,Impormasyon sa Pagbyahe,
Travel Alert,Select Country,select_country,Pilih Negara,,,国を選択してください,اختر الدولة,,Pilih Negara,Välj land,Piliin ang Bansa,Seleccionar País,Land auswählen,နိုင်ငံ ရွေးချယ်ရန်,Wybierz kraj,seleziona il Paese,देश चुनिए,,"Chọn quốc gia, vùng lãnh thổ",Selecione o País,"நாட்டினை தேர்வுசெய்",Sélectionner le Pays,Agpili iti bansa,Magpili nin Nasyon,
What is 2019-nCov,What is COVID-19?,What is COVID-19?,Apa itu COVID-19?,,,COVID-19とは,ما هو فيروس كورونا المستجد (COVID-19)؟,,Apa itu COVID-19?,Vad är 2019-mCov viruset?,Ano ang COVID-19 virus?,¿Qué es el virus COVID-19?,Was ist das COVID-19-Virus?,ကိုရိုနာဗိုင်းရပ်စ်ပိုး ဆိုတာ,Co to jest COVID-19?,cos'è il virus COVID-19?,क्या है COVID-19,,COVID-19 là gì,O que é o COVID-19?,"COVID-19 என்றால் என்ன?",Qu'est-ce que le COVID-19?,Anya ti COVID-19?,Ano an COVID-19?,
Prevention,"We will update this page with resources related to nCov prevention, here is a quick guide from",update_resources,"Kami akan mengemaskini laman sesawang ini dengan sumber yang berkaitan dengan nCov, berikut adalah maklumat ringkas dari WHO",,,このページは、nCOvの感染予防に関する情報を更新します。WHOからのクイックガイドをこちらからご覧になれます。,سنقوم بتحديث هذه الصفحة بمصادر تتعلق بسبل الوقاية من فيروس كورونا المستجد. في الوقت الراهن، يمكنك الإطلاع على هذا الدليل المختصر من منظمة الصحة العالمية.,,"Kami akan memperbarui halaman ini dengan sumber daya yang terkait dengan pencegahan nCov, berikut adalah panduan singkat dari WHO.","Vi kommer att uppdatera den här sidan med resurser relaterade till förebyggande av nCov, här är en snabbguide från WHO.","Patuloy naming iu-update ang pahinang ito gamit ang mga mapagkukunan na may kaugnayan sa pag-iwas sa nCov, narito ang isang panuntunan mula sa WHO.",Mantenemos esta página actualizada con recursos relacionados a la prevención del nCov. Aquí hay una guía rápida de la OMS.,Wir werden diese Seite mit Ressourcen zur nCov-Prävention aktualisieren. Hier ist eine Kurzanleitung der WHO.,ကိုရိုနာဗိုင်းရပ်စ်ပိုး ကာကွယ်ရေးနှင့်သက်ဆိုင်သော အချက်အလက်များကို မကြာမီဖော်ပြပေးသွားပါ မည်။ ယခု WHO မှ လမ်းညွှန်ချက် အားဖော်ပြထားပါသည်။,"Zaktualizujemy tę stronę o zasoby związane z zapobieganiem nCov, oto szybki przewodnik od",Stiamo aggiornando questa pagina  con diverso materiale riguardante la prevenzione del virus nCov. Qui  la guida veloceredatta dall'organizzazione mondiale della sanità.,"हम इस पृष्ठ को nCov रोकथाम से संबंधित संसाधनों के साथ अपडेट करते रहेंगे, यहाँ WHO से एक छोटी गाइड हे ",,"Chúng tôi sẽ cập nhật thông liên quan đến phòng chống COVID-19, đây là hướng dẫn nhanh từ","Nós iremos atualizar essa página com referências relacionadas à prevenção do coronavírus, aqui está um guia rápido da","NCov தடுப்பு தொடர்பான ஆதாரங்களுடன் இந்தப் பக்கத்தைப் புதுப்பிப்போம், இங்கே ஒரு விரைவான வழிகாட்டி",Nous actualiserons cette page avec des ressources liées à la prévention contre le Covid-19. Voici un guide rapide de l'OMS.,"I update mi daytoy nga page iti baro nga impormasyon panggep ti NCov prebention, para ti kanayon pay nga impormasyon click mo ditoy manipod ti","Pirming ia-update ang espasyong ini nin mga rekursong may relasyon sa pagpugol sa nCov, ini an halip-ot na giya hale sa",
Prevention,WHO,WHO,WHO,WHO,WHO,WHO,WHO,WHO,WHO,WHO,WHO,WHO,WHO,WHO,WHO,WHO,WHO,,WHO,OMS,யார் ,OMS,WHO,WHO,WHO
Analytics,Overview,overview,Secara Keseluruhan,,,概要、要約,نظرة عامة,,Gambaran Umum,Översikt,Pangkalahatang Ideya,Resumen,Übersicht,အနှစ်ချုပ်,Przeglad,Panoramica generale,सारांश,,Tổng quan,Geral,கண்ணோட்டம்,Bilan,,,
Analytics,Reports,reports,Senarai Laporan,,,検査を受けた人数,تقارير,,Laporan,Rapporter,Mga Ulat,Reportes,Berichte,အစီရင်ခံစာများ,Raporty,Report,रिपोर्ट,,Báo cáo,Relatórios,அறிக்கைகள்,Synthèse,,,
Analytics,Total Confirmed,total_confirmed,Jumlah Disahkan,,,感染確認人数,الحالات المؤكدة,,Total Terkonfirmasi,Totalt antal bekräftade ,Total ng Kumpirmado,Total Confirmados,Bestätigte Fälle kumuliert,အတည်ပြုပြီးလူနာ စုစုပေါင်း,Wszystie potwierdzenia,Casi totali confermati,कुल पुष्टि,,Nhiễm bệnh,Total Confirmados,"மொத்தம் உறுதிப்படுத்தப்பட்டது",Total Confirmés,,Gabos na Kumpirmado,
Analytics,Total Recovered,total_recovered,Jumlah Pulih,,,完治・退院人数,الحالات المتعافية,,Total Disembuhkan,Totalt antal tillfrisknade,Total ng Gumaling,Total Recuperados,Genesungsfälle kumuliert,ပျောက်ကင်းပြီးသူ စုစုပေါင်း,Wszystkie wyleczone,Totale guariti,कुल स्वस्थ होनेवाला,,Khỏi bệnh,Total Curados,மொத்தம் மீட்கப்பட்டவர்கள் ,Total Rétablis,,Gabos na Narahay,
Analytics,Total Deaths,total_deaths,Jumlah Kematian,,,死亡人数,الحالات المتوفية,,Total Meninggal,Totalt antal döda,Total ng Namatay,Total Decesos,Todesfälle kumuliert,သေဆုံးသူ စုစုပေါင်း,Wszystkie zgony,Totale morti,कुल मृत्यु,,Tử vong,Total Mortes,"மொத்த இறப்புகள்",Total Décès,,Gabos na Nagadan,
Analytics,Outbreak trend over time,outbreak_trend,Perkembangan penyebaran virus dengan masa,,,長期発生傾向,ميل تفشي الفيروس مع مرور الوقت,,Tren wabah dari waktu ke waktu,Sjukdomsfrekvens över tid,Pagsiklab ng trend sa paglipas ng panahon,Evolución de la epidemia,Entwicklung der Pandemie,အချိန်နှင့်အမျှ ပြန့်နှံ့မှုပုံစံ,Postęp epidemii w czasie,andamento dell'epidemia nel tempo,समय के साथ प्रकोप में बदलाव ,,Xu hướng bùng phát theo thời gian,Evolução do surto ao longo do tempo,"காலப்போக்கில் வெடிப்பு போக்கு",Evolution de l'épidémie,,,
Analytics,Most affected regions,Most affected regions,Kawasan paling terjejas,,,最深刻被影響地域,أكثر المناطق المتأثرة,,,Mest drabbade områden,Mga apektadong rehiyon,Regiones más afectadas,Am meisten betroffene Gebiete,အများဆုံးကူးစက်ရာ ဒေသများ,Najbardziej zainfekowane regiony,Regioni più colpite,सबसे ज्यादा प्रभावित क्षेत्,,Khu vực chịu ảnh hưởng nhiều nhất,,"மிகவும் பாதிக்கப்பட்ட பகுதிகள்",Régions les plus touchées,,Pinaka-apektadong Rehiyon,
Analytics,Top countries with daily new cases,top_countries_daily_new_cases,Negara-negara teratas dengan kes baharu harian,,,毎日更新(トップ国),,,Negara dengan kasus harian tertinggi,Länder med flest nya fall per dag,Mga bansang may mga pinakamatataas na bagong kaso,Países con mayor número de nuevos casos,Länder mit den meisten neuen Fällen am Tag,နေ့စဥ် ကူးစက်မှု အသစ်ဖြစ်ပွားရာ ထိပ်တန်းနိုင်ငံများ,Kraje z największą ilością dziennych przypadków,Regioni principali con nuovi casi giornalieri,दैनिक नए मामलों वाले शीर्ष देश,,,Países com o maior número de novos casos diários,"தினசரி புதிய அதிக பாதிப்புகள் கொண்ட நாடுகள்
",Pays avec le plus de nouveaux cas,,Mga nasyon na may pinakadakol na kaso kada aldaw,
Analytics,Daily New Cases,daily_new_cases,Kes baru harian,,,新しい感染者数,,,Kasus baru setiap hari,Bekräftade sjukdomsfall per dag,Talaan ng Bagong Kaso Kada Araw,Nuevos Casos Diarios,Neue Fälle/Tag,နေ့စဥ် ကူးစက်မှု အသစ်,Nowe dzienne przypadki,Nuovi casi nel giorno,रोज नए मामले,,,Novos Casos Diários,"தினசரி புதிய பாதிப்புகள் 
",Nouveaux Cas par Jour,,Mga Kaso kada Aldaw,
Analytics,Daily New Deaths,daily_new_deaths,Kematian harian,,,新しい死亡者数,,,Kematian baru setiap hari,Bekräftade avlidna per dag,Talaan ng Bagong Mga Namatay Kada Araw,Nuevos Decesos Diarios,Neue Todesfälle/Tag,နေ့စဥ် သေဆုံးမှု,Dzienne zgony,Morti nella giornata,रोज नई मौतें,,,Novas Mortes Diárias,தினசரி புதிய மரணங்கள்,Nouveaux Décès par Jour,,Mga Nagadan kada Aldaw,
About,About CoronaTracker,about_coronatracker,Tentang CoronaTracker,,,CoronaTrackerについて,عن CoronaTracker,,Tentang CoronaTracker,Om CoronaTracker,Tungkol sa CoronaTracker,Sobre el CoronaTracker,Über den Corona-Tracker,Corona Tracker အကြောင်း,O CoronaTracker,cos'è CoronaTracker,CoronaTracker के बारे में,,Giới thiệu CoronaTracker,Sobre o CoronaTracker,கொரோனாட்ராகர் பற்றி,À propos de Corona Tracker,,Tungkol sa Corona Tracker,
About,"CORONATRACKER.com is a community-based project powered by over 460 volunteers from across the globe, ranging from data scientists, medical professionals, UI/UX designers, fullstack developers, to the general public.",whats_coronatracker,"CoronaTracker adalah projek jalinan kerjasama yang dimenterai dikalangan lebih 460 sukarelawan dari pelbagai bidang dan disegenap tempat, dari saintis data, pengamal perubatan profesional, perekabentuk UI/UX, pembangun perisian sehingga ke penglibatan orang awam.",,,CORONATRACKER.comは、データサイエンティスト、医療専門家、UI /UXデザイナー、フルスタック開発者、一般市民など世界中から460人以上のボランティアが運営するコミュニティベースのプロジェクトです。,يعتمد مشروع CORONATRACKER.com بالكامل على المشاركة المجتمعية بمساهمة أكثر من 460 متطوع من حول العالم، ما بين علماء بيانات، عاملين في المجال الطبي، مصممي واجهات مستخدم، مبرمجي ويب، و مساهمين من العامة.,,"CORONATRACKER.com adalah proyek berbasis komunitas yang didukung oleh lebih dari 460 sukarelawan dari seluruh dunia, mulai dari ilmuwan data, profesional medis, desainer UI / UX, pengembang fullstack, hingga masyarakat umum.","CORONATRACKER.com är ett gemensamt projekt som drivs av 460 volontärer över hela världen, från data scientists, läkare, UI/UX designers, fullstack utvecklare till allmänheten.","Ang CORONATRACKER.com ay isang proyektong nakabatay sa komunidad na pinalakas ng higit sa 460 mga boluntaryo mula sa buong mundo, mula sa mga datos na siyentipiko, mga propesyonal sa medikal, mga designer ng UI / UX, mga developer ng fullstack, at pampubliko sa pangkalahatan. ","CORONATRACKER.com es un proyecto comunitario llevado a cabo por más de 460 voluntarios alrededor del mundo. Incluyendo científicos de datos, profesionales médicos, diseñadores UI/UX, desarrolladores fullstack hasta público en general.","CORONATRACKER.com ist ein Community-basiertes Projekt, das von über 460 Freiwilligen aus den Gebieten Datenwissenschaften, Medizin, UI/UX-Design, Softwareentwicklung bis hin zu allgemeinem Publikum aus der ganzen Welt unterstützt wird.",CORONATRACKER.com သည် အချက်အလက်ဆိုင်ရာ သိပ္ပံပညာရှင်များ၊ ဆေးဘက်ဆိုင်ရာပညာရှင်များ၊ UI / UX ဒီဇိုင်နာများ၊ ဘက်စုံ developer များမှ သာမန်လူထုအထိ ကမ္ဘာအနှံ့မှစေတနာ့ ၀န်ထမ်း ၄၆၀ ကျော်ဖြင့်ဖွဲ့စည်းထားသော လူထုအခြေပြုစီမံကိန်းဖြစ်သည်။,"CORONATRACKER.com to projekt społecznościowy, w którym bierze udział ponad 460 wolontariuszy z całego świata, od naukowców danych, specjalistów medycznych, projektantów UI / UX, programistów fullstack, po ogół społeczeństwa","CORONATRACKER.com è un progetto comunitario sostenuto da oltre 460 volontari  da tutto il mondo, che vanno da data scientists, professionisti nel settore medico, UI/UX designers, sviluppatori full stack al grande pubblico ","CORONATRACKER.com एक समुदाय-आधारित परियोजना है, जो दुनिया भर में 460 से अधिक स्वयंसेवकों द्वारा संचालित है।यह data scientist, चिकित्सा पेशेवरों, UI/UX डिजाइनरों, फुलस्टैक डेवलपर्स से लेकर आम जनता जैसे लोगो से निर्मित हे",,"CORONATRACKER.com là một dự án dựa trên cộng đồng được cung cấp bởi hơn 460 tình nguyện viên trên toàn cầu, từ các nhà khoa học dữ liệu, chuyên gia y tế, nhà thiết kế UI / UX, nhà phát triển fullstack, và nhiều người khác.","CORONATRACKER.com é um projeto comunitário feito por mais de 460 voluntários ao redor do mundo, passando por cientistas de dados, profissionais de saúde, designers de UI/UX, desenvolvedores fullstack, até o público em geral.","CORONATRACKER.com என்பது சமூகம் சார்ந்த ஒரு திட்டமாகும், இது உலகம் முழுவதிலுமிருந்து 460 க்கும் மேற்பட்ட தன்னார்வலர்களால் இயக்கப்படுகிறது, இது தரவு விஞ்ஞானிகள், மருத்துவ வல்லுநர்கள், UI / UX வடிவமைப்பாளர்கள், சாப்ட்வேர் எஞ்சினீர்ஸ் முதல் பொது மக்கள் வரை.","CORONATRACKER.com est un projet communautaire alimenté par plus de 460 bénévoles du monde entier, allant des scientifiques des données, professionnels médicaux, concepteurs d'interface/expérience utilisateur, développeurs full stack, au grand public.",,"Ang CORONATRACKER.com ay sarong proyektong nakabase sa komunidad na pigpapagana nin lagpas sa 460 na nagboluntaryo hale sa iba-ibang nasyon sa kinab-an, mga data scientists, medical professionals, UI/UX designers, fullstack developers, pati an publiko.",
About,"It acts as a portal for the public to keep track of the latest news development about the COVID-19, alongside collecting data for further analysis. All the contents are handpicked, filtered, and curated by volunteers to our best extent to ensure that sources are reliable with minimal hoaxes and fake news, in the best benefit of the public. Natural Language Processing (NLP) is used to analyze trending content and identify meaningful topics over various news sources and social media platforms prior to being verified by our team.",whats_coronatracker_2,"Ia merupakan portal yang disediakan untuk orang awam bagi mendapatkan perkembangan terkini tentang virus COVID-19, sekaligus mengumpul data untuk kegunaan analisis pada masa hadapan. Keseluruhan kandungan didalam portal ini dipilih sendiri, disaring dan disunting sehabis baik oleh pasukan sukarelawan demi memastikan sumber yang diperolehi adalah sah dan meminimakan maklumat palsu. Mengaplikasikan kaedah Natural Language Processing untuk menganalisis kandungan yang sedang dalam aliran menaik disamping menentukan kandungan yang berkualiti dan bermakna dari pelbagai sumber dan pelantar medsos sebelum ianya disahkan oleh pasukan sukarelawan kami.",,,このサイトはCOVID-19に関するデータ収集・分析をするとともに、誰でも最新情報を確認できるポータルです。ユーザーの皆様の為に、我々のチームは全ての情報は厳選し、フェイクニュースやデマなどを排除し、信頼性が高い正確な情報のみを提供しています。チームがコンテンツを厳選する前に、自然言語処理(NLP)を用いて、コンテンツを分析し、さまざまなニュースソースやソーシャルメディアプラットフォーム上で意味のあるトピックを識別しています。,يعمل المشروع بمثابة منصة متاحة للعامة للاطلاع على آخر الأخبار و التطورات المتعلقة بفيروس كورونا المستجد (COVID-19)، كما يعمل المشروع على تجميع بيانات و داتا بغرض تحليلها بشكل معمق. جميع المحتوى المعروض على الموقع يتم اختياره يدويا، تصفيته، و تنقيحه من قبل متطوعينا من أجل التأكد من أن كل المصادر موثوقة و يعتمد عليها، و خالية تماما من أي أخبار كاذبة أو غير موثوقة بغرض حصول العامة على أكبر قدر من الاستفادة. كما أننا نستخدم تقنية معالجة اللغة الطبيعية (Natural Language Processing NLP) لتحليل المحتوى الرائج المرتبط بفيروس كورونا على شبكات التواصل الاجتماعي و مصادر الأخبار المختلفة قبل أن يتم مراجعتها و التأكد منها من قبل فريقنا.,,"Ini berperan sebagai pintu untuk masyarakat untuk melacak perkembangan berita terbaru tentang COVID-19, sekaligus mengumpulkan data untuk analisis lebih lanjut. Semua konten dipilih, disaring, dan diawasi oleh sukarelawan sebaik mungkin untuk memastikan bahwa sumber dapat dipercaya dengan minimal informasi dan berita palsu, untuk keuntungan publik. Natural Language Processing (NLP) digunakan untuk menganalisis konten yang sedang tren dan mengidentifikasi topik yang bermakna dari berbagai sumber berita dan platform media sosial sebelum diverifikasi oleh tim kami.","Det är en portal för allmänheten för att kunna hålla reda på de senaste nyhetsutvecklingarna om COVID-19, tillsammans med att samla in data för fortsatt analys. Allt innehåll är handplockat, filtrerat och förvaltat av volontärer som gör sitt bästa för att se till att källor är tillförlitliga och har minimalt med falska nyheter, till fördel för allmänheten. Naturligt språkprocessering (NLP) används för att analysera trendande innehåll och identifiera meningsfulla ämnen över varierande nyhetskällor och sociala medier innan det verifieras av vårt team.","Ito ay isang portal para sa publiko na subaybayan ang pinakabagong mga balita tungkol sa COVID-19, kasabay ang pagkolekta ng data para sa karagdagang pagsusuri. Ang lahat ng mga nilalaman ay sinala at ginawang mabuti ng mga volunteers upang masiguro na maaasahan ang mga mapagkukunan na walang bahid ng panloloko at pekeng balita, para sa pinakamagandang pakikinabang ng publiko. Ginagamit ang Likas na Pagproseso ng Wika (natural language processing o NLP) upang pag-aralan ang nilalaman ng trending na mga datos at makilala ang mga makabuluhang paksa sa iba't ibang mga mapagkukunan ng balita at mga plataporma ng social media.","Este es un portal diseñado para que el público pueda mantenerse informado con las noticias más recientes de la evolución del COVID-19, junto con datos y análisis. Para el beneficio los usuarios y para evitar caer en información falsa, todos los contenidos son cuidadosamente seleccionados, filtrados y evaluados por voluntarios para asegurarse de que las fuentes de información presentada sean lo más fidedignas posibles. Se utiliza Natural language Processing (Procesamiento de Lenguajes Naturales) para analizar el contenido de diversas fuentes y redes sociales e identificar tendencias y tópicos de interés, que posteriormente son verificados por nuestro equipo.","Der Tracker dient als Portal für die Öffentlichkeit, um die neuesten Nachrichten über die COVID-19-Pandemie zu verfolgen und Daten für weitere Analysen zu sammeln. Alle Inhalte werden von Freiwilligen handverlesen, gefiltert und kuratiert, um sicherzustellen, dass zum besten Nutzen der Öffentlichkeit die Quellen zuverlässig sind, und nur so wenig wie möglich Falschnachrichten vorliegen. Natural Language Processing (NLP) wird verwendet, um Trendinhalte zu analysieren und wichtige Themen über verschiedene Nachrichtenquellen und Social-Media-Plattformen zu identifizieren, bevor sie von unserem Team überprüft werden.","အများပြည်သူအတွက် COVID-19 နှင့်ပတ်သက်သည့် နောက်ဆုံးဖွံ့ဖြိုးတိုးတက်မှုဆိုင်ရာသတင်းအချက်အလက်များကို မျက်ခြေမပြတ်စေရန်လမ်းညွှန်အဖြစ် ဆောင်ရွက်ရင်း အနာဂတ် လေ့လာမှုများအတွက် အချက်အလက်များ စုဆောင်းပေးမည်ဖြစ်သည်။ အများပြည်သူအတွက် အကောင်းဆုံးအကျိုးပြုနိုင်ရန် သတင်းရင်းမြစ်များအား လိမ်လည်မှုများနှင့်သတင်းအတုအယောင်အနည်းဆုံးဖြင့်ယုံကြည်စိတ်ချရမှုရှိစေရန် ပါဝင်သည့်အရာအားလုံးကို စေတနာ့ဝန်ထမ်းများမှရွေးချယ်ခြင်း၊ စစ်ထုတ်ခြင်း၊ တည်းဖြတ်ခြင်း တို့ကိုအတတ်နိုင်ဆုံးကြိုးစားခဲ့ကြပါသည်။ ကျွန်ုပ်တို့၏အဖွဲ့မှစစ်ဆေးခြင်းမပြုမီ သတင်းအရင်းအမြစ်အမျိုးမျိုးနှင့် လူမှုမီဒီယာပလက်ဖောင်းများတွင် အဓိပ္ပါယ်ရှိသောအကြောင်းအရာများကိုခွဲခြားသတ်မှတ်ရန် သဘာဝဘာသာစကားထုတ်ယူခြင်း (NLP) ကိုအသုံးပြုထားပါသည်။
","Działa jako portal dla społeczeństwa, aby śledzić najnowsze doniesienia na temat COVID-19, a także gromadzić dane do dalszej analizy. Wszystkie treści są starannie dobrane, filtrowane i selekcjonowane przez wolontariuszy w możliwie najlepszym zakresie, aby zapewnić, że źródła są wiarygodne przy minimalnej mistyfikacji i fałszywych wiadomościach, z korzyścią dla ogółu społeczeństwa. Przetwarzanie języka naturalnego (NLP) służy do analizowania popularnych treści i identyfikowania znaczących tematów w różnych źródłach wiadomości i platformach społecznościowych przed weryfikacją przez nasz zespół.","il sito funziona come un portale pubblico per tenere traccia delle ultime notizie riguardo gli sviluppi del COVID-19 e in parallelo per raccogliere dati per analisi successive. Tutti i contenuti sono selezionati, filtrati e curati dai nostri volontari nel miglior modo possibile per garantire che le fonti siano affidabili prive il più possibile da bufale e fake news per il beneficio del pubblico. Natural Language Processing  (NLP) è il metodo utilizzato per analizzare contenuti di tendenza e  identificare argomenti significativi tra le varie fonti di notizie e  piattaforme di social media prima che vengano verificate dai nostri collaboratori.","यह जनता के लिए एक पोर्टल के रूप में कार्य करता है जो COVID-19 के बारे में नवीनतम समाचार विकास का ट्रैक रखता है, साथ ही आगे के विश्लेषण के लिए डेटा एकत्र करता है। सभी सामग्रियों को स्वयंसेवकों द्वारा चुना, फ़िल्टर्ड और क्यूरेट किया गया है ताकि जनता के सर्वोत्तम लाभ में यह सुनिश्चित किया जा सके कि स्रोत न्यूनतम होक्स और नकली समाचारों के साथ विश्वसनीय हैं। प्राकृतिक भाषा प्रसंस्करण (Natural Language Processing) का उपयोग ट्रेंडिंग सामग्री का विश्लेषण करने और हमारी टीम द्वारा सत्यापित किए जाने से पहले विभिन्न समाचार स्रोतों और सोशल मीडिया प्लेटफार्मों पर सार्थक विषयों की पहचान करने के लिए किया जाता है।",,"Nó hoạt động như một cổng thông tin để công chúng theo dõi sự phát triển tin tức mới nhất về COVID-19, bên cạnh việc thu thập dữ liệu để phân tích thêm. Tất cả các nội dung đều được các tình nguyện viên lựa chọn cẩn thận, được lọc và quản lý ở mức độ tốt nhất của chúng tôi để đảm bảo rằng các nguồn đáng tin cậy, vì lợi ích tốt nhất của công chúng. Xử lý ngôn ngữ tự nhiên (NLP) được sử dụng để phân tích xu hướng nội dung và xác định các chủ đề có ý nghĩa trên các nguồn tin tức và nền tảng truyền thông xã hội khác nhau trước khi được nhóm của chúng tôi xác minh.","Ele age como um portal para o público monitorar a evolução das últimas notícias sobre o COVID-19, ao mesmo tempo em que coleta dados para  análises mais profundas. Todo o conteúdo é escolhido a dedo, filtrado e curado por voluntários ao melhor das nossas capacidades para assegurar que as fontes são confiáveis como boatos e fake news mínimos, no melhor interesse do público. Linguagem de Processamento Natural (NLP, em inglês) é usada para analisar conteúdos em alta e identificar tópicos relevantes dentre várias fontes de notícias e plataformas de mídias sociais antes de serem verificadas pelo nosso time.","COVID-19 பற்றிய சமீபத்திய செய்தி வளர்ச்சியை பொதுமக்கள் கண்காணிப்பதற்கான ஒரு போர்ட்டலாக இது செயல்படுகிறது, மேலும் பகுப்பாய்விற்கான தரவுகளை சேகரிப்பதோடு. அனைத்து உள்ளடக்கங்களும் பொதுமக்களின் சிறந்த நலனுக்காக, குறைந்தபட்ச மோசடிகள் மற்றும் போலி செய்திகளுடன் ஆதாரங்கள் நம்பகமானவை என்பதை உறுதிப்படுத்த எங்கள் சிறந்த அளவிற்கு தன்னார்வலர்களால் தேர்ந்தெடுக்கப்பட்டவை, வடிகட்டப்படுகின்றன மற்றும் நிர்வகிக்கப்படுகின்றன. எங்கள் குழுவால் சரிபார்க்கப்படுவதற்கு முன்னர், பிரபலமான உள்ளடக்கங்களை பகுப்பாய்வு செய்வதற்கும், பல்வேறு செய்தி மூலங்கள் மற்றும் சமூக ஊடக தளங்களில் அர்த்தமுள்ள தலைப்புகளை அடையாளம் காண்பதற்கும் இயற்கை மொழி செயலாக்கம் (என்.எல்.பி) பயன்படுத்தப்படுகிறது.","Il s'agit d'un portail permettant au public de suivre l'évolution de l'actualité du Covid-19, tout en recueillant des données pour une analyse plus approfondie. Dans l'intérêt du public, afin de garantir la fiabilité des sources et de réduire au minimum les fausses alertes et informations, tous les contenus sont sélectionnés, filtrés et gérés avec soin par des bénévoles. Le Traitement Automatique du Langage Naturel (TALN) est utilisé pour analyser les tendances des contenus et identifier les sujets pertinents sur diverses sources d'information et plateformes de médias sociaux, avant d'être vérifiés par notre équipe.",,,
About,"CORONATRACKER.com also aims to gather data for in-depth analysis (e.g. time series to monitor the growth, spread of the virus) and localized news (e.g. news related to Malaysia, or KL only).The platform is vital for information consolidation, and all gathered information is open to use for the public.This is a 100% open source project, all information and publishable data are available on Github as well. Everyone is welcomed to contribute through our Telegram channel.",whats_coronatracker_3,,,,CORONATRACKER.comは詳細なデータ分析(例えば、成長、ウイルスの拡散を監視するための時系列)の為のデータ収集を目的としています。また、ローカルニュースのソースとして (例えば、マレーシアに関連するニュース、またはKLのみ)情報を提供します。このプラットフォームは情報の統合化に不可欠であり、収集されたすべてのデータは一般の人々が利用できるようにオープン化しております。これは100%オープンソースプロジェクトであり、すべての情報と公開可能なデータはGithubでも利用可能です。誰もが我々のtelegramチャンネルを通じて情報を提供することを歓迎しています。,كما يهدف مشروع CORONATRACKER.com إلى تجميع بيانات و داتا مكثفة بغرض تحليلها بشكل معمق ( التسلسل الزمنى لتتبع انتشار الفيروس مثلا)، و كذلك الأخبار المحلية (مثال: الأخبار المرتبطة بماليزيا أو كوالالمبور فقط). تلعب هذه المنصة دورا هاما في تعزيز وتزويد المعلومات، كما أن كل المعلومات الواردة عليها متاحة للاستخدام العام. مشروع CORONATRACKER.com مفتوح المصدر بالكامل، فكل المعلومات و البيانات المنشورة عليه متاحة على Github. و أي شخص يمكنه أن يشارك معنا من خلال قناتنا على التليجرام.,,,"CORONATRACKER.com har också som mål att samla in data för fördjupad analys (med andra ord tidsserier för att övervaka tillväxten och spridningen av viruset) och lokalisera nyheter (till exempel nyheter relaterade till Malaysia, eller Kuala Lumpur endast). Plattformen är vital för att sammanföra information, och all samlad information är öppen att använda för allmänheten. Det här är ett 100% öppen källkodsprojekt, och all information och publicerad data är tillgänglig på GitHub också. Alla är välkomna att medverka genom vår telegram grupp.","Layon din ng CORONATRACKER.com na kumuha ng data para sa mas malalim na pagsusuri (tulad ng time series sa pagbantay ng paglaki at pagkalat ng virus) at mga balitang lokal (tulad ng balita para lamang sa mga probinsya at siyudad tulad ng Kuala Lumpur). Ang plataporma ay kritikal para sa pagsasama-sama ng impormasyon, at lahat ng makakalap na impormasyon ay bukas para gamitin ng publiko. Ito ay 100% open source na proyekt, lahat ng datos ay maaari ring makita sa Github. Lahat ay minumungkahing magbigay kontribusyon sa pamamagitan ng aming group chat sa Telegram. ","CORONATRACKER.com también recolecta información para análisis (ej: tiempos para monitorear la evolución y propagación del virus) y localizar noticias (ej: noticias relacionadas a determinado país o ciudad). La plataforma es vital para concentrar la información, y toda información recolectada está abierta al uso del público. Este proyecto es 100% open-source y todo su código se encuentra disponible en Github. Cualquiera que desee contribuir es bienvenido en nuestro canal de Telegram.","CORONATRACKER.com zielt auch darauf ab, Daten für eingehende Analysen, z. B. Zeitreihen zur Überwachung des Wachstums und der Ausbreitung des Virus, und lokalisierte Nachrichten, bspw.  Nachrichten über ein bestimmtes Land oder eine bestimmte Stadt, zu sammeln. Die Plattform ist für die Konsolidierung der Informationen von entscheidender Bedeutung. Alle gesammelten Informationen sind der Öffentlichkeit zugänglich. Es ist zu 100% ein Open-Source-Projekt. Alle Informationen und publizierbaren Daten sind auch auf Github verfügbar. Jede und jeder ist herzlich eingeladen, über unseren Telegram-Channel einen Beitrag zu leisten.",CORONATRACKER.com သည် အသေးစိတ်ခွဲခြမ်းစိတ်ဖြာမှု ( ဥပမာ ဗိုင်းရပ်စ်၏ ပွားများမှုနှင့်ပျံ့နှံ့မှုကိုစောင့်ကြည့်ရန်အချိန်အပိုင်းအခြား အတွဲများ ) နှင့် ဒေသအလိုက်သတင်းများ ( ဥပမာ မလေးရှားနှင့်ပတ်သက်သောသတင်းများ၊ KL သီးသန့် ) အတွက်လည်း ရည်ရွယ်ပါသည်။ သတင်းအချက်အလက်များပေါင်းစုခြင်းသည် ဤပလက်ဖောင်း ၏အသက်ဖြစ်ပြီး စုဆောင်းရသမျှအချက်အလက်များကို အများပြည်သူအား သုံးစွဲခွင့်ပြုထားပါသည်။ ဤစီမံကိန်းမှာ ရာနှုန်းပြည့် open source ဖြစ်ပြီး သတင်းအချက်အလက်နှင့် ပုံနှိပ်နိုင်သောအချက်အလက်များကို Github တွင်လည်းရရှိနိုင်ပါသည်။ မည်သူ့ကိုမဆို ကျွန်ုပ်တို့ Telegram Channel မှတဆင့် ပူးပေါင်းပါဝင်ရန် ဖိတ်ခေါ်ပါသည်။,"CORONATRACKER.com ma również na celu zebranie danych do dogłębnej analizy (np. Szeregi czasowe w celu monitorowania wzrostu, rozprzestrzeniania się wirusa) i zlokalizowane wiadomości (np. Wiadomości dotyczące Malezji lub tylko KL). Platforma jest niezbędna do konsolidacji informacji, a wszystkie zebrane informacje są dostępne do użytku publicznego. Jest to w 100% projekt oparty o źródła, wszystkie informacje i dane do opublikowania są również dostępne na Github. Zapraszamy wszystkich do współpracy za pośrednictwem naszego kanału Telegram.",,"CORONATRACKER.com का उद्देश्य इन-डेप्थ एनालिसिस (उदाहरण के लिए विकास, वायरस के प्रसार की निगरानी के लिए समय श्रृंखला) और स्थानीयकृत समाचार (जैसे केवल मलेशिया, या कुआला लुम्पुर से संबंधित समाचार) के लिए डेटा इकट्ठा करना है। यह प्लेटफॉर्म सूचना समेकन के लिए महत्वपूर्ण है। और सभी एकत्रित जानकारी जनता के लिए उपयोग करने के लिए खुली है। यह एक 100% ओपन सोर्स  परियोजना है, सभी जानकारी और प्रकाशन योग्य डेटा GitHub पर भी उपलब्ध हैं। हमारे टेलीग्राम चैनल के माध्यम से योगदान देने के लिए सभी का स्वागत है",,"CORONATRACKER.com cũng nhằm mục đích thu thập dữ liệu để phân tích chuyên sâu (ví dụ: chuỗi thời gian để theo dõi sự phát triển, lây lan của virus) và tin tức địa phương (ví dụ: tin tức liên quan đến Malaysia hoặc chỉ KL). Nền tảng này rất quan trọng để củng cố thông tin, và tất cả thông tin thu thập được mở để sử dụng cho công chúng. Đây là một dự án nguồn mở 100%, tất cả thông tin và dữ liệu có thể xuất bản cũng có sẵn trên Github. Mọi người đều được hoan nghênh đóng góp thông qua kênh Telegram của chúng tôi.","CORONATRACKER.com também objetiva coletar dados para uma análise profunda (ex: série temporais para monitorar o crescimento e surto do vírus) e notícias locais (ex: notícias relacionadas à Malásia ou somente Kuala Lumpur). A plataforma é vital para a consolidação das informações e todas as informações coletadas estão abertas ao uso pelo público. Este é um projeto 100% de código aberto, todas as informações e dados publicáveis estão disponíveis no Github também. Todos são bem vindos a contribuir pelo nosso canal no Telegram.","CORONATRACKER.com ஆழ்ந்த பகுப்பாய்வு (எ.கா. வைரஸின் வளர்ச்சி, பரவலைக் கண்காணிப்பதற்கான நேரத் தொடர்) மற்றும் உள்ளூர்மயமாக்கப்பட்ட செய்திகள் (எ.கா. மலேசியா தொடர்பான செய்திகள், அல்லது கே.எல் மட்டும்) ஆகியவற்றிற்கான தரவுகளை சேகரிப்பதை நோக்கமாகக் கொண்டுள்ளது. தகவல் ஒருங்கிணைப்புக்கு தளம் முக்கியமானது, சேகரிக்கப்பட்ட அனைத்து தகவல்களும் பொதுமக்களுக்கு பயன்படுத்த திறந்திருக்கும். இது 100% திறந்த மூல திட்டமாகும், அனைத்து தகவல்களும் வெளியிடக்கூடிய தரவுகளும் கிடைக்கின்றன. எங்கள் டெலிகிராம் சேனல் மூலம் பங்களிக்க அனைவரும் வரவேற்கப்படுகிறார்கள்.
","CORONATRACKER.com vise également à recueillir des données pour une analyse approfondie (par ex. des séries temporelles pour surveiller la croissance et propagation du virus) et des actualités locales (par ex. un pays ou une ville donnée). La plate-forme est essentielle pour la consolidation des informations, et toutes les données recueillies sont ouvertes à l'usage du public. Il s'agit d'un projet 100% open source: toutes les informations et les données publiables sont également disponibles sur Github. Tout le monde est invité à contribuer par le biais de notre groupe Telegram.",,,
About,"Our team of data scientists use OSEMN framework to collect, clean, explore, model, and run their own analysis. For ease of public understanding, it is presented using graphic visualizations and dashboards. Through the data obtained, we hope to build machine learning models very soon.",whats_coronatracker_4,,,,我々のデータサイエンティストチームはOSEMNフレームワークを使用し、データ収集、クリーニング、探索、及びモデル化を行っております。データを分かりやすくするために、ダッシュボードでビジュアル化しています。収集したデータを使って機械学習モデルを開発することを目指します。,يستخدم فريق علماء البيانات لدينا إطار العمل OSEMN بغرض تجميع، تنقية، و استكشاف البيانات، و كذلك بناء النماذج اللازمة لتحليل هذه البيانات. و لتسهيل هذه البيانات و المعلومات المحللة على العامة يتم عرضها في شكل صور بصرية و لوائح عرض تفاعلية. ايضا نهدف من خلال الداتا المجمعة إلى بناء نماذج للتعلم الآلي (Machine Learning) قريبا.,,"Tim ilmuwan data kami menggunakan framework OSEMN untuk mengumpulkan, membersihkan, mengeksplorasi, memodelkan, dan menjalankan analisisnya sendiri. Untuk memudahkan pemahaman publik, framework ini disajikan dengan menggunakan visualisasi grafis dan beberapa instrumen. Melalui data yang diperoleh, kami berharap dapat membangun model machine learning segera.","Vårt data scientist team använder OSEMN ramverket för att samla in, tvätta data, utforska, modellera och köra egna analyser. För att underlätta för den allmänna förståelsen, presenteras det genom grafisk visualisering och översikt. Genom den inskaffade data vi får hoppas vi kunna bygga maskininlärningsmodeller mycket snart.","Ang lupon ng ating data scientists ay gumagamit ng OSEMN framework upang magkolekta, linis, galugad, model at magpatakbo ng panunuri sa datos. Para sa pang-unawa ng lahat, ito ay pinapakita sa publiko gamit ang mga visualizations at dashboards. Sa pamamagitan ng datos na nakuha, inaaasahang makakapagbuo ng mga models ng machine learning sa nalalapit na panahon. ","Nuestro equipo de científicos de datos usa la OSEMN framework para recolectar, limpiar, explorar, modelar y efectuar sus análisis. Para una fácil asimilación, la información es presentada a través de gráficas y tableros. Usando los datos recolectados, esperamos poder construir modelos de machine learning muy pronto. ","Unser Data-Science-Team verwendet das OSEMN-Framework, um eigene Analysen zu sammeln, zu bereinigen, zu untersuchen, zu modellieren und durchzuführen. Zum besseren Verständnis der Öffentlichkeit werden sie mithilfe grafischer Visualisierungen und Dashboards dargestellt. Wir hoffen, durch die erhaltenen Daten, bald Modelle für maschinelles Lernen erstellen zu können.",ကျွန်ုပ်တို့၏ အချက်အလက်ဆိုင်ရာ ပညာရှင်များသည် OSEMN မူဘောင်ကိုအသုံးပြုပြီး စုဆောင်းခြင်း၊ သန့်စင်ခြင်း၊ စူးစမ်းခြင်း၊ ပုံစံချခြင်းတို့နှင့် ကိုယ်ပိုင်ခွဲခြမ်းစိတ်ဖြာမှုကို ဆောင်ရွက်ကြပါသည်။ အများပြည်သူ နားလည်လွယ်အောင် ပုံပြ အနှစ်ချုပ် ဇယားများနှင့်ပါဖော်ပြထားပါသည်။ စုဆောင်းခဲ့သည့် အချက်အလက်များမှတဆင့် စက်ဖြင့်လေ့လာသည့်ပုံစံကို မကြာမီ တည်ဆောက်နိုင်မည်ဟု မျှော်လင့်ပါသည်။,"Nasz zespół naukowców danych korzysta z frameworka OSEMN do gromadzenia, czyszczenia, eksploracji, modelowania i przeprowadzania własnych analiz. Aby ułatwić zrozumienie opinii publicznej, jest on prezentowany za pomocą wizualizacji graficznych i pulpitów nawigacyjnych. Dzięki uzyskanym danym mamy nadzieję wkrótce zbudować modele uczenia maszynowego.","Il nostro team di data scientists usano framework OSEMN per raccogliere, selezionare, esplorare, creare modelli e implentare le loro analisi. Per una facile comprensione da parte del pubblico, l'analisi è presentata per mezzo di grafici e pannelli informativi. Atttraverso i dati ottenuti speriamo si renda presto possibile l'implementazione di modelli di machine learning.","डेटा साइंटिस्ट की हमारी टीम OSEMN फ्रेमवर्क का उपयोग अपने स्वयं के विश्लेषण को इकट्ठा करने, साफ करने, तलाशने, मॉडल बनाने और चलाने के लिए करती है। सार्वजनिक समझ में आसानी के लिए, इसे ग्राफिक विज़ुअलाइज़ेशन और डैशबोर्ड का उपयोग करके प्रस्तुत किया गया है। प्राप्त आंकड़ों के माध्यम से, हम बहुत जल्द मशीन लर्निंग मॉडल बनाने की उम्मीद करते हैं",,"Nhóm các nhà khoa học dữ liệu của chúng tôi sử dụng khung OSEMN để thu thập, dọn dẹp, khám phá, mô hình hóa và chạy phân tích của riêng họ. Để dễ hiểu cho công chúng, nó được trình bày bằng cách sử dụng trực quan hóa và bảng điều khiển. Thông qua dữ liệu thu được, chúng tôi hy vọng sẽ sớm xây dựng các mô hình học máy","Nosso time de cientistas de dados utiliza o framework OSEMN para coletar, limpar, explorar, modelar e rodar suas próprias análises. Para facilitar o entendimento do público, visualizações de gráficos e dashboards são apresentados. Através dos dados obtidos, nós esperamos construir modelos de aprendizado de máquina (machine learning) muito em breve.","எங்கள் தரவு விஞ்ஞானிகள் குழு OSEMN கட்டமைப்பைப் பயன்படுத்தி தங்கள் சொந்த பகுப்பாய்வுகளை சேகரிக்க, சுத்தம் செய்ய, ஆராய, மாதிரியாக மற்றும் இயக்குகிறது. பொது புரிதலின் எளிமைக்காக, இது கிராஃபிக் காட்சிப்படுத்தல் மற்றும் டாஷ்போர்டுகளைப் பயன்படுத்தி வழங்கப்படுகிறது. பெறப்பட்ட தரவுகளின் மூலம், இயந்திர கற்றல் மாதிரிகளை மிக விரைவில் உருவாக்குவோம் என்று நம்புகிறோம்.","Notre équipe de scientifiques des données utilise le modèle OSEMN pour collecter, nettoyer, explorer, modéliser et effectuer leurs analyses. Afin de la rendre plus accessible au public, l'information est présentée à l'aide de visualisations graphiques et de tableaux de bord. Grâce aux données obtenues, nous espérons construire très bientôt des modèles d'apprentissage automatique.",,,
About,We were inspired by the Coronavirus Outbreak Map by John Hopkins University that was very informative. We also recognised the difficulty to gather data for in-depth analysis through various other sources of scattered data on different news portals as well as in different languages.,whats_coronatracker_5,,,,我々はジョンホプキンズ大学のコロナウィルスアウトブレイクマップが非常に有益だと思い、インスピレーションを受けました。データ分析のために必要なデータを集めるのに、様々な国の情報源や言語から調査する難しさも理解しています。,نشأت فكرة هذا المشروع بفضل خريطة بصرية لفيروس كورونا معدة من قبل جامعة جون هوبكنز و التي احتوت على معلومات دسمة و كانت ملهمة لنا للبدأ في تنفيذ هذا المشروع. و كانت أكبر عقباتنا آنذك هي صعوبة تجميع البيانات من مصادر أخرى متفرقة على منصات أخبار مختلفة و بلغات متعددة من أجل التحليل المعمق لها.,,Kami terinspirasi oleh Coronavirus Outbreak Map oleh Universitas John Hopkins yang sangat informatif. Kami juga memahami kesulitan dalam mengumpulkan data untuk analisis mendalam melalui berbagai sumber lain data yang tersebar di portal berita yang berbeda serta dalam berbagai bahasa.,Vi blev inspirerade av CoronaVirus Utbrottskarta (CoronVirus Outbreak Map) av John Hopkins universitet som var mycket informativ. Vi såg också svårigheten med att samla in data för fördjupad analys genom olika källor av spridd data på olika nyhetsportaler och dessutom på olika språk.,Kami ay humalaw ng inspirasyon sa Coronavirus Outbreak Map ng John Hopkins University na sadyang puno ng impormasyon para sa publiko. Nakita rin namin ang hirap ng pagkalap ng datos para sa mas malalimang panunuri mula sa iba't ibang nakakalat or nakahiwa-hiwalay na datos sa magkakaibang mga news portals na gumagamit din ng iba ibang wika or lenggwahe. ,"Nuestra inspiración viene del mapa de monitoreo del Coronavirus, creado por la Universidad John Hopkins. También tomamose en cuenta la dificultad de recolectar datos para analizar, provenientes de diferentes fuentes de noticias o redes sociales y hasta de diferentes idiomas. ","Wir wurden von der Coronavirus Outbreak Map der John Hopkins University inspiriert, die sehr informativ war. Wir sind uns der Schwierigkeit bewusst, für eine eingehende Analyse Daten mittels verschiedener anderer Datenquellen zu sammeln, die auf diversen Nachrichtenportalen in unterschiedlichen  Sprachen verstreut sind.",ကျွန်ုပ်တို့အတွက် John Hopkins တက္ကသိုလ်မှ သတင်းအချက်အလက်ပြည့်စုံလွန်းသည့် Coronavirus ပြန့်ပွားသည့်မြေပုံက တွန်းအားတစ်ခုဖြစ်စေခဲ့သည်။ နက်နဲစွာခွဲခြမ်းစိတ်ဖြာရန် အတွက် အချက်အလက်များကို ကွဲပြားခြားနားသောသတင်း portal များနှင့် ဘာသာစကားအမျိုးမျိုးမှ ပြန့်ကြဲနေသောအချက်အလက်ရင်းမြစ်များအား စုဆောင်းရန်အခက်အခဲကိုလည်းကျွန်ုပ်တို့ သဘောပေါက်နားလည်ထားပါသည်။,"Zainspirowała nas mapa epidemii koronawirusa Uniwersytetu Johna Hopkinsa, która była bardzo pouczająca. Zauważyliśmy również trudność w gromadzeniu danych do dogłębnej analizy za pośrednictwem różnych innych źródeł rozproszonych danych na różnych portalach informacyjnych oraz w różnych językach.","La nostra fonte di ispirazione è stato il lavoro di mappatura \""Coronavirus Outbreak Map\"" dell'università John Hopkins che è stata per noi molto istruttiva. Un altro stimolo al nostro lavoro è stato dato dalla riconosciuta difficoltà a riunire dati per analisi approfondite dche si trovano dissiminati in differenti portali e anche in diverse lingue.",हम जॉन हॉपकिंस विश्वविद्यालय द्वारा कोरोनावायरस प्रकोप मानचित्र से प्रेरित थे जो बहुत जानकारीपूर्ण था। हमने विभिन्न समाचार पोर्टलों के साथ-साथ विभिन्न भाषाओं में बिखरे हुए डेटा के अन्य स्रोतों के माध्यम से गहराई से विश्लेषण के लिए डेटा इकट्ठा करने में कठिनाई को भी पहचाना,,Chúng tôi đã được truyền cảm hứng từ Bản đồ bùng phát coronavirus của Đại học John Hopkins rất nhiều thông tin. Chúng tôi cũng nhận thấy khó khăn trong việc thu thập dữ liệu để phân tích chuyên sâu thông qua nhiều nguồn dữ liệu phân tán khác nhau trên các cổng tin tức khác nhau cũng như trong các ngôn ngữ khác nhau.,Nós fomos inspirados pelo Mapa do Surto do Coronavírus pela Univesidade John Hopkins que era muito informativo. Nós também reconhecemos a dificuldade para coletar dados para uma análise profunda através de várias outras fontes de dados espalhados por portais de notícias diferentes bem como em idiomas diferentes.,"ஜான் ஹாப்கின்ஸ் பல்கலைக்கழகத்தின் கொரோனா வைரஸ் வெடிப்பு வரைபடத்தால் நாங்கள் ஈர்க்கப்பட்டோம், அது மிகவும் தகவலறிந்ததாக இருந்தது. வெவ்வேறு செய்தி இணையதளங்கள் மற்றும் வெவ்வேறு மொழிகளில் சிதறிய தரவுகளின் பல்வேறு மூலங்கள் மூலம் ஆழமான பகுப்பாய்விற்கான தரவை சேகரிப்பதற்கான சிரமத்தையும் நாங்கள் உணர்ந்தோம்.","Nous nous sommes inspirés de la carte de l'épidémie du Covid-19 de l'université Johns Hopkins, qui est très instructive. Nous avons également pris en compte la difficulté de recueillir des données pour une analyse approfondie par le biais de diverses sources réparties sur différents portails d'information, ainsi que dans différentes langues.",,,
About,"Works started on the 25th of January, the first day of the Lunar New Year. Our team has been working relentlessly to make this a success, and launched officially on the 27th of January.",whats_coronatracker_6,,,,そこで、我々は旧正月の初日である1月25日から開発開始し、1月27日に無事、正式にサイトをオープンしました。,بدأ فريقنا العمل على هذا المشروع في 25 يناير، أول أيام السنة القمرية الجديدة، و استمر العمل بدون تعب أو كل للوصول للنجاح المرجو، و تم اطلاق المشروع رسميا في 27 يناير.,,"Pekerjaan dimulai pada tanggal 25 Januari, hari pertama Tahun Baru Imlek. Tim kami telah bekerja tanpa henti untuk menjadikan ini suksesan, dan meluncurkan secara resmi pada tanggal 27 Januari.","Arbetet startade den 25 januari, den första dagen på det kinesiska nyåret. Vårt team har arbetat hårt för att göra det här till en succé, och vi lanserade projektet officiellt den 27 januari.","Ang trabaho ay nagsimula nung Enero 25, ang unang araw ng Lunar New Year. Ang aming team ay walang habas sa pagtatrabaho upang gawin itong matagumpay, at kami ay nag-launch nitong proyekto sa madla noong Enero 27. ","Este proyecto empezó el 25 de Enero, el primer día del Año Nuevo Chino. Desde entonces nuestro equipo ha trabajado incansablemente para que el proyecto tenga éxito y fuera oficialmente lanzado el 27 de Enero.","Mit der Arbeit haben wir am 25. Januar, dem chinesischen Neujahrstag, begonnen. Seitdem hat unser Team bis jetzt unermüdlich daran gearbeitet, das Projekt, welches am 27. Januar offiziell gestartet ist, zu einem Erfolg zu machen.",အလုပ်များကို လဆန်းနှစ်သစ်၏ပထမနေ့ဖြစ်သောဇန်နဝါရီ ၂၅ ရက်တွင်စတင်ခဲ့သည်။ ကျွန်ုပ်တို့အဖွဲ့သည်၎င်းကိုအောင်မြင်စေရန် မဆုတ်မနစ်ကြိုးစားလုပ်ဆောင်ခဲ့ပြီး ဇန်နဝါရီလ ၂၇ ရက်နေ့တွင်တရားဝင်ဖွင့်လှစ်ခဲ့သည်။,"Prace rozpoczęły się 25 stycznia, pierwszego dnia księżycowego Nowego Roku. Nasz zespół nieustannie pracuje nad tym, aby sukces był udany i został oficjalnie uruchomiony 27 stycznia","I lavori sono iniziati il 25 gennaio, il primo giorno del nuovo anno lunare (il capodanno cinese). Il nostro teamha lavorato implacabilmente per far diventare questo progetto un successo e il lancio è diventato ufficiale il 27 gennaio.","चंद्र नववर्ष के पहले दिन 25 जनवरी को काम शुरू हुआ। हमारी टीम इसे सफल बनाने के लिए अथक प्रयास कर रही है, और 27 जनवरी को आधिकारिक रूप से लॉन्च किया गया",,"Công trình bắt đầu vào ngày 25 tháng 1, ngày đầu tiên của Tết Nguyên đán. Nhóm của chúng tôi đã làm việc không ngừng nghỉ để làm cho điều này thành công và ra mắt chính thức vào ngày 27 tháng 1.","Os trabalhos começaram em 25 de Janeiro, o primeiro dia do Novo Ano Lunar. Nosso time tem trabalhado incansavelmente para tornar isso um sucesso e lançou oficialmente o site em 27 de Janeiro.","சந்திர புத்தாண்டின் முதல் நாளான ஜனவரி 25 ஆம் தேதி பணிகள் தொடங்கப்பட்டன. இதை வெற்றிபெற எங்கள் குழு அயராது உழைத்து வருகிறது, ஜனவரி 27 ஆம் தேதி அதிகாரப்பூர்வமாக தொடங்கப்பட்டது.","Nos travaux ont commencé le 25 janvier, le premier jour du Nouvel An Chinois. Notre équipe a travaillé sans relâche pour en assurer le succès, et le lancement officiel a eu lieu le 27 janvier.",,,
About,"We aim to use technology and make information more accessible, gather talented people all around the world to win the fight!",whats_coronatracker_7,"Kami bertujuan untuk mengunakan teknologi dan menjadikan informasi lebih mudah diperolehi, kumpulkan orang berbakat mengelilingi dunia untuk memenangi perlawanan ini!",,,我々の目標は、テクノロジーを使って情報をもっと簡単に入手できるようにすることです。才能のある人材を世界中から集めて、この戦いを必ず勝ちます！,نهدف إلى استخدام التكنولوجيا، و جعل المعلومات متاحة للجميع، و كذلك تجميع المواهب الفردية حول العالم كي ننتصر في هذه المعركة.,,"Kami bertujuan untuk menggunakan teknologi dan membuat informasi lebih mudah diakses, mengumpulkan orang-orang berbakat di seluruh dunia untuk memenangkan pertarungan!",Vi strävar efter att använda teknologi och göra information mer tillgänglig och samla talangfulla personer från hela världen för att vinna den här kampen!,"Layon naming gamitin ang teknolohiya at gawing kaaya-aya at abot-kamay ang impormasyon para sa mga tao, at pagsama-samahin ang mga taong may likas na talento sa mundo upang magapi ang Covid-19 sa pamamagitan ng datos at impormasyon. ",¡Nuestra meta es usar la tecnología en mano para hacer la información más accesible y reclutar a gente talentosa de todo el mundo que nos ayude a ganar esta lucha!,"Es ist unser Ziel, Technologie einzusetzen, Informationen zugänglicher zu machen, und talentierte Leute auf der ganzen Welt zu versammeln, um den Kampf zu gewinnen!",ကျွန်ုပ်တို့သည် ဗိုင်းရပ်စ်ရောဂါ တိုက်ပွဲ အောင်နိုင်မှုအတွက် နည်းပညာကိုအသုံးပြုရန်၊ သတင်းအချက်အလက်ပိုမိုရရှိစေရန်နှင့် ကမ္ဘာအနှံ့ရှိအရည်အချင်းရှိသူများကိုစုဆောင်းရန် ရည်ရွယ်သည်။,"Naszym celem jest wykorzystanie technologii i zwiększenie dostępności informacji, zebranie utalentowanych ludzi na całym świecie, aby wygrać walkę!","Il nostro scopo si basa sull'utilizzo della tecnologia e rendere le informazioni più accessibili, riunendo persone talentuose da tutto il mondo per vincere insieme la battaglia!","हमारा लक्ष्य प्रौद्योगिकी का उपयोग करना और सूचना को अधिक सुलभ बनाना, दुनिया भर के प्रतिभाशाली लोगों को लड़ाई जीतने के लिए इकट्ठा करना है",,"Chúng tôi mong muốn sử dụng công nghệ và làm cho thông tin dễ tiếp cận hơn, tập hợp những người tài năng trên toàn thế giới để giành chiến thắng!","Nós queremos usar tecnologia e tornar a informação mais acessível, contando com pessoas talentosas ao redor do mundo para vencer essa luta!","தொழில்நுட்பத்தைப் பயன்படுத்துவதும், தகவல்களை மேலும் அணுகக்கூடியதாக்குவதும், சண்டையை வெல்ல உலகெங்கிலும் உள்ள திறமையானவர்களைச் சேகரிப்பதும் எங்கள் நோக்கம்!","Notre objectif est d'utiliser la technologie pour rendre l'information plus accessible, et de réunir des personnes talentueuses des quatres coins du monde pour gagner le combat!",,,
About,Sources,sources,Sumber,,,情報源,المصادر,,Sumber,Källor,Mula Sa: ,Fuentes,Quellen,သတင်းရင်းမြစ်,Źródła,Fonti,स्रोत,,Nguồn,Fontes,ஆதாரங்கள்,Sources,,,
About,Here you can find a list of sources handpicked by the team.,sources_handpicked,Anda boleh mencari senarai sumber yang dipilih oleh kami di sini.,,,チームが厳選した情報源のリストはこちらからご覧になれます,هنا قائمة بالمصادر التي اختارها فريقنا بشكل يدوي و دقيق.,,Di sini anda dapat menemukan daftar sumber yang dipilih oleh tim.,Här hittar du en lista av källor som är handplockade av teamet.,Dito ay makakahanap kayo ng mga pinaghalawang impormasyon na pinili ng aming grupo. ,Esta es una lista de fuentes seleccionada por nuestro equipo.,"Hier können Sie eine Liste der Quellen finden, die vom Team handverlesen wurde.",ဤနေရာတွင်အဖွဲ့မှရွေးချယ်ထားသည့်ရင်းမြစ်များစာရင်းကိုသင်တွေ့ရှိနိုင်သည်။,Tutaj możesz znaleźć listę źródeł wybranych przez zespół.,Qui trovate una lista delle fonti selezionate dal nostro team,यहाँ आप टीम द्वारा चुने स्रोतों की एक सूची पा सकते हैं,,Tại đây bạn có thể tìm thấy một danh sách các nguồn được nhóm lựa chọn cẩn thận.,Aqui você pode encontrar uma lista de fontes escolhidas a dedo pelo time.,"குழுவால் தேர்ந்தெடுக்கப்பட்ட ஆதாரங்களின் பட்டியலை இங்கே காணலாம்.",Voici une liste de publications sélectionnées avec soin par notre équipe.,,,
About,Title,title,Tajuk,,,タイトル、表題,العنوان,,Judul,Titel,Pamagat,Título,Titel/ Name,ခေါင်းစဥ်,Tytuł,Titolo,शीर्षक,,Tiêu đề,Título,தலைப்பு,Titre,,Titulo,
About,Description,description,Keterangan,,,説明、詳細,الوصف,,Deskripsi,Beskrivning,Paglalarawan,Descripción,Beschreibung,ဖော်ပြချက်,Opis,Descrizione,विवरण,,Sự miêu tả,Descrição,விளக்கம்,Description,,,
About,Discovery of a novel coronavirus associated with the recent pneumonia outbreak in humans and its potential bat origin,report_1_title,Discovery of a novel coronavirus associated with the recent pneumonia outbreak in humans and its potential bat origin,Discovery of a novel coronavirus associated with the recent pneumonia outbreak in humans and its potential bat origin,Discovery of a novel coronavirus associated with the recent pneumonia outbreak in humans and its potential bat origin,Discovery of a novel coronavirus associated with the recent pneumonia outbreak in humans and its potential bat origin,Discovery of a novel coronavirus associated with the recent pneumonia outbreak in humans and its potential bat origin,Discovery of a novel coronavirus associated with the recent pneumonia outbreak in humans and its potential bat origin,,Discovery of a novel coronavirus associated with the recent pneumonia outbreak in humans and its potential bat origin,Discovery of a novel coronavirus associated with the recent pneumonia outbreak in humans and its potential bat origin,Descubrimiento de un nuevo coronavirus asociado con el brote reciente de neumonía en humanos y su potencial origen en murciélagos.,Entdeckung eines neuen Coronavirus im Zusammenhang mit der damals aktuellen Lungenentzündung-Epidemie beim Menschen und seines möglichen Ursprungs in Fledermäusen,Discovery of a novel coronavirus associated with the recent pneumonia outbreak in humans and its potential bat origin,Odkrycie nowego koronawirusa związanego z niedawnym wybuchem zapalenia płuc u ludzi i jego potencjalnym pochodzeniem od nietoperzy,Discovery of a novel coronavirus associated with the recent pneumonia outbreak in humans and its potential bat origin,Discovery of a novel coronavirus associated with the recent pneumonia outbreak in humans and its potential bat origin,,Phát hiện ra một loại coronavirus mới liên quan đến sự bùng phát bệnh viêm phổi gần đây ở người cũng như nguồn gốc nghi từ loài dơi của nó.,Descoberta de um novo coronavírus associado ao surto de pneumonia em humanos e sua potencial origem em morcegos,"மனிதர்களில் சமீபத்திய நிமோனியா வெடிப்பு மற்றும் அதன் சாத்தியமான பேட் தோற்றத்துடன் தொடர்புடைய ஒரு நாவல் கொரோனா வைரஸின் கண்டுபிடிப்பு",Découverte d'un nouveau coronavirus associé à la récente épidémie de pneumonie chez l'homme et son origine possible chez la chauve-souris,,,Discovery of a novel coronavirus associated with the recent pneumonia outbreak in humans and its potential bat origin
About,"Another year, another coronavirus",report_2_title,"Another year, another coronavirus","Another year, another coronavirus","Another year, another coronavirus","Another year, another coronavirus","Another year, another coronavirus","Another year, another coronavirus",,"Another year, another coronavirus","Another year, another coronavirus","Otro año, otro coronavirus","Neues Jahr, neuer Coronavirus","Another year, another coronavirus","Nowy rok, nowy korona wirus","Another year, another coronavirus","Another year, another coronavirus",,Mỗi năm một corona virus mới,"Mais um ano, mais um coronavírus","மற்றொரு வருடம், மற்றொரு கொரோனா வைரஸ்","Nouvelle année, nouveau coronavirus",,"Bagong taon, bagong coronavirus","Another year, another coronavirus"
About,Wuhan Coronavirus (COVID-19) Global Cases (by JHU CSSE),report_3_title,,,,,,,,,,,,,,,,,,Coronavírus em Wuhan (COVID-19) Casos Mundiais (por JHU CSSE),,,,,
About,"A report by Jasper Fuk-Woo Chan and colleagues, documented infections in health-care workers caring for patients with COVID-19 indicate human-to-human transmission and thus the risk of much wider spread of the disease.",report_1_description,,,,Jasper Fuk-Woo Chanとその同僚による報告では、COVID-19の患者の世話をする医療従事者の感染が報告されており、ヒトからヒトへの感染が確認され、このウィルスの感染が大幅に広がるリスクが示されています。,تقرير بواسطة جاسبر فوك وو تشان و زملاء آخرين يوثق انتقال العدوى بين عاملي المجال الطبي القائمين على رعاية مرضى فيروس كورونا المستجد و يوضح أن الفيروس يمكنه أن ينتقل من شخص إلى أخر، و لذا فإن المرض يمكنه الانتشار بشكل موسع.,,"Sebuah laporan oleh Jasper Fuk-Woo Chan dan rekannya, infeksi yang didokumentasikan oleh petugas layanan kesehatan yang merawat pasien dengan COVID-19 menunjukkan penularan dari manusia ke manusia dan risiko penyebaran penyakit yang jauh lebih luas.","En rapport av Jasper-Fuk-Woo Chan och kollegor, dokumenterade infektioner gällande sjukvårdspersonal som tagit hand om patienter med COVID-19 indikerar människa till människa smitta och därmed en högre risk för en mer omfattande smittspridning av sjukdomen.","Ang isang ulat ni Jasper Fuk-Woo Chan at mga kasamahan, na naitala ang mga impeksyon sa mga manggagawa sa pangangalaga sa kalusugan ng mga pasyente na may COVID-19 ay nagpapahiwatig ng paghahatid ng tao-sa-tao at sa gayon ang panganib ng mas malawak na pagkalat ng sakit","En este reporte, Jasper Fuk-Woo Chan y sus colegas documentaron las infecciones entre trabajadores de salud que cuidaban de pacientes con COVID-19. Indicaron el factor de transmisión de persona a persona y el alto riesgo de contagio de la enfermedad. ","Ein Bericht von Jasper Fuk-Woo Chan und Kollegen dokumentiert insbesondere Infektionen der Beschäftigten im Gesundheitswesen, die an COVID-19 Erkrankte betreuen. Er weist auf eine Übertragung von Mensch zu Mensch hin und damit auf das Risiko einer weitaus größeren Ausbreitung der Krankheit.",Jasper Fuk-Woo Chan နှင့်လုပ်ဖော်ကိုင်ဖက်များ၏အစီရင်ခံစာတွင် COVID-19 လူနာများအားစောင့်ရှောက်သည့်ကျန်းမာရေးလုပ်သားများတွင်ရောဂါကူးစက်မှုများမှတ်တမ်းတင်ထားခြင်းသည်လူမှလူသို့ကူးစက်ခြင်းကိုပြသသောကြောင့်ရောဂါပိုမိုကျယ်ပြန့်စွာပျံ့နှံ့နိုင်သည်။,"Raport Jaspera Fuka-Woo Chana i jego współpracowników, udokumentowany zakażeń u pracowników służby zdrowia opiekujących się pacjentami z COVID-19 wskazuje na przenoszenie zakażeń z człowieka na człowieka, a tym samym ryzyko znacznie szerszego rozprzestrzeniania się choroby.","Un articolo di Jasper Fuk-Woo Chan e colleghi, ha documentato il contagio negli operatori sanitari che si occupano di pazienti con COVID-19 indicando la possibilità della trasmissione da uomo a uomo del virus e quindi evidenziando il rischio di una più vasta diffusione della malattia","जेस्पर फुक-वू चान और सहकर्मियों की एक रिपोर्ट, COVID-19 के साथ रोगियों की देखभाल करने वाले स्वास्थ्य देखभाल श्रमिकों में संक्रमण वाले प्रलेखित मानव-से-मानव संचरण और इस प्रकार बीमारी के अधिक व्यापक प्रसार के जोखिम को इंगित करते हैं।",,"Một báo cáo của Jasper Fuk-Woo Chan và các đồng nghiệp, ghi nhận các bệnh nhiễm trùng ở nhân viên y tế chăm sóc bệnh nhân mắc COVID-19 cho thấy sự lây truyền từ người sang người và do đó có nguy cơ lây lan bệnh rộng hơn nhiều.","Um relatório por Jasper Fuk-Woo Chan e colegas, documentou infecções em trabalhadores de saúde cuidando de pacientes com COVID-19 indica transmissão entre humanos e assim um risco de uma propagação mais abrangente da doença.","ஜாஸ்பர் ஃபுக்-வூ சான் மற்றும் சகாக்களின் அறிக்கை, COVID-19 நோயாளிகளைப் பராமரிக்கும் சுகாதாரப் பணியாளர்களுக்கு தொற்றுநோய்கள் ஆவணப்படுத்தப்பட்டுள்ளன, இது மனிதனுக்கு மனிதனுக்கு பரவுவதைக் குறிக்கிறது, இதனால் நோய் பரவலாக பரவுவதற்கான ஆபத்து உள்ளது.","Un rapport de Jasper Fuk-Woo Chan et collègues, documentant les infections chez le personnel de la santé qui s'occupe de patients atteints du 2019-nCoV, indiquant une transmission interhumaine et donc le risque d'une propagation beaucoup plus large de la maladie.",,,
About,"For the third time in as many decades, a zoonotic coronavirus has crossed species to infect human populations. This virus, provisionally called COVID-19, was first identified in Wuhan, China, in persons exposed to a seafood or wet market.",report_2_description,,,,何十年もわたって、人畜共通コロナウィルスが人間に感染したのは今回で３回目です。このウィルスは暫定的にCOVID-19と呼ばれ、中国の武漢でシーフードやウェットマーケットにさらされた人に初めて発見されました。,للمرة الثالثة خلال عقدين، ينتقل فيروس تاجي يصيب الحيوانات فقط إلى البشر. و كان أول ظهور لهذا الفيروس، و الذي تمت تسميته مؤقتا باسم  فيروس كورونا المستجد COVID-19، في سوق للمأكولات البحرية في مدينة ووهان بالصين.,,"Untuk ketiga kalinya dalam beberapa dekade, coronavirus zoonosis telah melintasi spesies untuk menginfeksi populasi manusia. Virus ini, sementara disebut COVID-19, pertama kali diidentifikasi di Wuhan, Cina, pada orang yang terpapar makanan laut atau pasar basah.","För tredje gången på lika många årtionde, har ett zoonoser coronavirus överförts och smittat mänskliga populationer. Det här viruset, provisoriskt kallat COVID-19, identifierades först i Wuhan, Kina, hos personer som exponerats för skaldjur eller marknader.","Sa ikatlong pagkakataon sa maraming dekada, isang zoonotic na tipo ng coronavirus ang lumakdang sa mga species ng hayop upang hawaan ang populasyon ng tao. Ang virus na ito na tinawag na COVID-19 sa umpisa, ay unang nakita sa Wuhan, China mula sa mga taong na-expose sa isang pamilihan ng seafood o wet market. ","Por tercera vez en muchas decadas, un coronavirus de origen animal ha atravesado especies y ha infectado a las poblaciones humanas. El virus, provisionalmente llamado COVID-19 fue identificado en Wuhan, China en personas que visitaban mercados de productos animales.","Zum dritten Mal innerhalb von drei Jahrzehnten hat ein zoonotisches Coronavirus Arten gekreuzt, um menschliche Populationen zu infizieren. Dieses Virus, vorläufig COVID-19 genannt, wurde erstmals in Wuhan (China) bei Personen identifiziert, die sich auf einem \""Wet Market\"" aufgehalten hatten. ",ဆယ်စုနှစ်များစွာအတွင်းတတိယအကြိမ်တွင် zoonotic coronavirus သည် လူသားမျိုးစိတ်များကို ကူးစက်စေခဲ့သည်။ COVID-19 ဟုခေါ်သောဤဗိုင်းရပ်စ်ကို ပင်လယ်စာ၊ သား၊ ငါး စျေး  နှင့် ထိတွေ့သူများ ရှိရာ တရုတ်နိုင်ငံဝူဟန်၌ပထမဆုံးတွေ့ရှိ ခဲ့သည်။,"Po raz trzeci od tylu dekad zonotyczny koronawirus krzyżował gatunki, aby zarazić ludzkie populacje. Wirus ten, tymczasowo nazywany COVID-19, został po raz pierwszy zidentyfikowany w Wuhan w Chinach u osób narażonych na owoce morza lub mokry rynek.","Per la terza volta in molte decadi, un coronavirus di origine animale è stato in grado di trasmettersi a diverse specie e infettare l'uomo. Questo virus, provvisoriamente chiamato COVID-19, è stato identificato per la prima volta a Wuhan, in Cina, in persone venute in contatto con il mercato del pesce o del fresco.","इतने देशो में तीसरी बार, एक जूनियोटिक कोरोनावायरस ने मानव आबादी को संक्रमित करने के लिए प्रजातियों को पार कर लिया है। COVID - 19 नामक इस वायरस की पहचान सबसे पहले चीन के वुहान में हुई थी, जो समुद्री भोजन या वेट मार्केट के संपर्क में था",,"Lần thứ ba sau bao nhiêu thập kỷ, một loại coronavirus đã lây nhiễm qua các loài để lây nhiễm cho người. Virus này, tạm gọi là COVID-19, lần đầu tiên được xác định ở Vũ Hán, Trung Quốc, ở những người tiếp xúc với thị trường hải sản hoặc ẩm ướt.","Pela terceira vez em muitas décadas, um coronavirus zoonótico misturou espécies para infectar populações humanas. Esse vírus, por enquanto denominado COVID-19, foi identificado primeiramente em Wuhan, China, em pessoas expostas a frutos do mar e mercados molhados.","பல தசாப்தங்களில் மூன்றாவது முறையாக, ஒரு ஜூனோடிக் கொரோனா வைரஸ் மனித மக்களைப் பாதிக்க உயிரினங்களைக் கடந்துவிட்டது. தற்காலிகமாக COVID-19 என அழைக்கப்படும் இந்த வைரஸ் முதன்முதலில் சீனாவின் வுஹானில் கடல் உணவு அல்லது ஈரமான சந்தைக்கு ஆளான நபர்களில் அடையாளம் காணப்பட்டது.","Pour la troisième fois en trois décennies, un coronavirus d'origine zoonotique a franchi la barrière des espèces pour infecter des populations humaines. Ce virus, provisoirement appelé 2019-nCoV, a été identifié pour la première fois à Wuhan, en Chine, chez des personnes ayant fréquenté un marché de fruits de mer ou d'animaux sauvages.",,,
About,An online dashboard to visualize and track the reported cases on a daily timescale,report_3_description,,,,確認されたケースを追跡し、日単位で視覚化するオンラインダッシュボード,لوحة عرض بيانية تفاعلية ترسم و تتبع الحالات المسجلة بشكل يومي.,,Dashboard online untuk memvisualisasikan dan melacak kasus yang dilaporkan pada skala waktu harian,En online översikt för att visualisera och spåra de rapporterade fallen på en daglig tidsplan.,"
Isang online dashboard upang mailarawan at subaybayan ang naiulat na mga kaso sa pang-araw-araw.",Un tablero virtual en el que se puede visualizar y monitorear los casos reportados diariamente.,Ein Online-Dashboard zur Visualisierung und Verfolgung der gemeldeten Fälle auf einer täglichen Zeitskala,အစီရင်ခံထားသည့်အမှုများကို အချိန်နှင့်တပြေးညီ  လွယ်လွယ်ကူကူ တစ်နေရာထဲတွင် ကြည့်ရှုနိုင်နိုင်သည်။,Internetowy pulpit nawigacyjny do wizualizacji i śledzenia zgłaszanych przypadków w codziennych ramach czasowych,Un pannello online per visualizzare e tenere traccia dei casi segnalati su scala giornaliera,दैनिक समयसीमा पर रिपोर्ट किए गए मामलों की कल्पना और ट्रैक करने के लिए एक ऑनलाइन डैशबोर्ड,,Bảng điều khiển trực tuyến để trực quan hóa và theo dõi các trường hợp được báo cáo theo thời gian hàng ngày,Um dashboard online para visualizar e rastrear os casos reportados em uma escala diária,"தினசரி நேர அளவிலான அறிக்கையிடப்பட்ட நிகழ்வுகளைக் காட்சிப்படுத்தவும் கண்காணிக்கவும் ஆன்லைன் டாஷ்போர்டு",Un tableau de bord en ligne pour visualiser et suivre les cas signalés chaque jour,,,
About,"If you believe any of the source information above is inaccurate, please lodge a report using the following",report_inaccuracies,"Jikalau anda mendapati ada mana-mana maklumat di laman sesawang ini adalah tidak tepat, sila laporkan melalui",,,上記の情報が不正確であると思われる場合、下記から報告ください。,إذا كنت تعتقد بأن أي من المصادر الواردة أعلاه غير دقيقة، فأبلغنا عنها باستخدام هذا,,"Jika anda yakin ada salah satu sumber informasi di atas tidak akurat, silakan ajukan laporan pada bagian
","Om du anser att någon utav informationen från källorna inte stämmer, snälla skicka en rapport genom att använda följande","Kung naniniwala ka na ang alinman sa mga mapagkukunan ng impormasyon sa itaas ay hindi tama, mangyaring maglagay ng ulat gamit ang sumusunod","Si usted cree que la información de arriba es incorrecta, por favor repórtela a través de esta ","Wenn Sie der Meinung sind, dass eine der oben genannten Quelleninformation nicht korrekt ist, reichen Sie bitte einen Bericht mit den folgenden Angaben ein: ",အထက်ပါအရင်းအမြစ်အချက်အလက်များသည်မမှန်ကန်ကြောင်းသင်ယုံကြည်ပါကအောက်ပါအချက်အလက်များကို အသုံးပြု၍ အစီရင်ခံစာတင်ပါ,"Jeśli uważasz, że którakolwiek z powyższych informacji źródłowych jest niedokładna, prześlij zgłoszenie, korzystając z poniższych informacji","Se pensi che una delle fonti di informazione qui sopra non sia accurata, per favore, segnalalo compilando il seguente","यदि आपको लगता है कि उपरोक्त किसी भी स्रोत की जानकारी गलत है, तो कृपया निम्नलिखित का उपयोग करके एक रिपोर्ट दर्ज करें",,"Nếu bạn tin rằng bất kỳ thông tin nguồn nào ở trên là không chính xác, vui lòng gửi báo cáo bằng mẫu.","Se você acredita que alguma das fontes acima é imprecisa, por favor crie um ticket utilizando o seguinte","மேலே உள்ள எந்த மூல தகவலும் தவறானது என்று நீங்கள் நம்பினால், தயவுசெய்து பின்வருவனவற்றைப் பயன்படுத்தி ஒரு அறிக்கையைத் தாக்கல் செய்யுங்கள்","Si vous pensez que l'une des sources d'information ci-dessus est inexacte, merci de nous le signaler en utilisant ce",,,
About,form,form,borang,,,お問い合わせ,النموذج,,formulir berikut,form,form,forma,zum Formular,Form,Formularz,form,फ़ार्म,,bằng mẫu,formulário,வடிவம்,formulaire,,,
About,Heroes behind,heroes_behind,Wira-wirawati disebalik,,幕後英雄,プロジェクトメンバー,الأبطال وراء,,Pejuang dibelakangnya,Hjältar bakom,Ang mga pangunahing tauhan sa likod ng CoronaTracker,Héroes detrás del,Das Team,နောက်ကွယ်မှလူများ,Ukryci bohaterowie ,Il team,-,,,Heróis por trás do,எங்களுக்கு பின்னல் இருக்கும் ஹீரோக்கள் ,Les héros derrière,,,
About,Project Lead,project_lead,Ketua Projek,项目发起人,項目發起人,プロジェクトリーダー,مدير المشروع,,Pimpinan Proyek,Projektledare,Project Lead,Líder de Proyecto,Project Lead,Project ခေါင်းဆောင်,Kierownik projektu,Leader del progetto,परियोजना का नेतृत्व,,,Líder do Projeto,"திட்டத் தலைவர்",Chef de Projet,,,
About,Lead Data Scientist,lead_data_scientist,Ketua Sains Data,,首席數據科學家,データサイエンティストチームリーダー,مدير علم البيانات,,Pimpinan Data Scientist,Ansvarig Data Scientist,Pinunong Data Scientist,Líder de Científicos de Datos,Lead Data Scientist, Data ပညာရှင်ခေါင်းဆောင်,Prowadzący Data Scientist,Data Scientist leader,प्रमुख डेटा साइंटिस्ट,,,Cientista de Dados Senior,"முன்னணி தரவு விஞ்ஞானி",Lead Data Scientist,,,
About,Lead Full Stack Engineer,lead_full_stack_engineer,Ketua Jurutera Full Stack,,首席工程師,フルスタックエンジニアチームリーダー,مدير برمجة الخوادم,,Pimpinan Full Stack Engineer,Ansvarig Fullstack Utvecklare,Pinunong Full Stack Engineer,Líder de Desarrolladores Fullstack,Lead Full Stack Engineer,Engineer ခေါင်းဆောင် ,Projektant strony,Leader Ingegneria Full Stack ,प्रमुख फुल स्टैक इंजीनियर,,,Engenheiro Full Stack Senior,"முன்னணி மென்பொருள் பொறியாளர்
",Lead Développeur Full Stack,,,
About,Lead Mobile Developer,lead_mobile_developer,Ketua Pembangun Aplikasi Mudah Alih,手机应用程式开发,手機應用程式開發,モバイルアプリ開発チームリーダー,مدير تطوير الموبايل,,Pimpinan Mobile Developer,Ansvarig Mobilutvecklare,Pinunong Mobile Developer,Líder de Desarrolladores de Móbil,Lead Mobile Developer,Developer ခေါင်းဆောင် ,Główny deweloper aplikacji mobilnych,Responsabile sviluppo mobile,प्रमुख मोबाइल डेवलपर,,,Desenvolvedor Mobile Senior,"முன்னணி மொபைல் டெவலப்பர்",Lead Développeur Mobile,,,
About,Lead Analyst,lead_analyst,Ketua Penganalisis,,,データ分析チームリーダー,مدير التحليل,,Pimpinan Analyst,Ansvarig Analytiker,Pinunong Analyst,Líder de Análisis,Lead Analyst,လေ့လာသုံးသပ်သူ,Główny analityk,Analyst leader,प्रमुख विश्लेषक,,,Analista Senior,"முன்னணி ஆய்வாளர்",Lead Analyste,,,
About,Head of Public Relation,head_public_relation,Ketua Perhubungan Awam,,,広報チームリーダー,مدير العلاقات العامة,,Kepala Hubungan Masyarakat,PR-ansvarig,Namumuno sa Public Relations,Jefe de Relaciones Públicas,Head of Public Relation,ဆက်ဆံရေ ခေါင်းဆောင်  ,Szef działu relacji publicznych,Responsabile delle pubbliche relazioni,जन संपर्क के प्रमुख,,,Chefe de Relações Públicas,"மக்கள் தொடர்புத் தலைவர்",Chargée des Relations Publiques,,,
About,Head of Product,head_product,Ketua Produk,产品负责人,產品負責人,プロダクトマネージャー,مدير المنتجات,,Kepala Produk,Produktchef,Namumuno sa Produkto,Jefe de Producto,Head of Product,Product ခေါင်းဆောင် ,Szef produktu,Responsabile del prodotto,उत्पाद के प्रमुख,,,Chefe de Produto,"தயாரிப்புத் தலைவர்",Chef de Produit,,,
About,Lead Researcher,lead_researcher,Ketua Penyelidikan,,,研究チームリーダー,مدير الباحثيين,,Kepala Peneliti,Ansvarig forskare,Punong Tagasaliksik,Líder de Investigación,Lead Researcher,သုတေသီ ခေါင်းဆောင် ,Główny badacz,Ricercatore Leader,नेतृत्व शोधकर्ता,,,Pesquisadora Senior,"முன்னணி ஆராய்ச்சியாளர்",Responsable Recherche,,,
About,LinkedIn,LinkedIn,LinkedIn,,LinkedIn,LinkedIn,لينكدين,,LinkedIn,LinkedIn,LinkedIn,LinkedIn,LinkedIn,LinkedIn,LinkedIn,LinkedIN,Linkedin,,,LinkedIn,LinkedIn,LinkedIn,,,
About,Team Analytics,team_analytics,Pasukan Analisis,分析组,分析組,データ分析チーム,فريق التحليل,,Tim Analisis,Analysteam,Team Analytics,Equipo de Análisis,Team Analytics,Team Analytics,Zespół analityków ,Team Analytics,वैश्लेषिक टीम ,,,Time de Analytics,"பகுப்பாய்வு குழு 
",Équipe d'Analyse de Données,,,
About,Team Research,team_research,Pasukan Penyelidikan,研究组,研究組,研究チーム,فريق البحث,,Tim Peneliti,Forskarteam,Team Research,Equipo de Investigación,Team Research,Team Research,Zespół naukowców,Team Ricercatori,रिसर्च की टीम ,,,Time de Pesquisa,"ஆராய்ச்சி குழு 
",Équipe de Recherche,,,
About,Team Engineering,team_engineering,Pasukan Kejuruteraan,程序组,程序組,エンジニアリングチーム,فريق البرمجة,,Tim Pengembang,Ingenjörsteam,Team Engineering,Equipo de Desarrollo,Team Engineering,Team Engineering,Zespół inżynierów,Team Ingegneria,इंजीनियरिंग की टीम,,,Time de Engenharia,பொறியியல் குழு ,Équipe de Développement ,,,
About,Team Design,team_design,Pasukan Reka Bentuk,设计组,設計組,デザインチーム,فريق التصميم,,Tim Desain,Designteam,Team Design,Equipo de Diseño,Team Design,Team Design,Zespół projektantów,Team Design,डिजाइन की टीम,,,Time de Design,வடிவமைப்பு குழு ,Équipe de Conception,,,
About,Team Public Relations,team_public_relations,Pasukan Perhubungan Awam,,公關組,広報チーム,,,Tim Hubungan Masyarakat,,Team Public Relations,Equipo de Relaciones Públicas,Team Public Relations,Team Public Relations,Zespół relacji publicznej,Team Pubbliche Relazioni,जनसंपर्क की टीम,,,Time de Relações Públicas, மக்கள் தொடர்புகள் குழு,Équipe de Relations Publiques,,,
About,View more,view_more,Lain-lain,其他,其他,その他,عرض المزيد,,Lihat lebih banyak,Se mer,Karagdagang view,Ver más,Weitere,နောက်ထပ်ကြည့်ရှုရန်,Pokaż więcej,Vedi di più (or generic Altro),और देखें ,,,Ver mais,மேலும் படிக்க,En savoir plus,,,
Country,Fatality Rate,fatality_rate,Kadar Kematian,,,死亡比率,معدل الوفيات,,Tingkat Fatalitas,Dödlighetstakt,Fatality Rate,Tasa de Fatalidad,Sterblichkeitsrate,သေဆုံးမှုနှုန်း,Wskaźnik śmiertelności,,मृत्यु दर,,Tỷ lệ tử vong,Taxa de Mortalidade,இறப்பு விகிதம்,Taux de Mortalité,,,
Country,Recovery Rate,recovery_rate,Kadar Sembuh,,,完治比率,معدل التعافي,,,Tillfrisknandetakt,Positive Rate,Tasa de Positividad,Genesungsrate,ရောဂါပျောက်ဆုံးမှုနှုန်း,Wskaźnik wyzdrowień,,सकारात्मक दर,,Tỷ lệ khỏi bệnh,Taxa de Recuperação,குணமானவர்கள் விகிதம் ,Taux de Rétablissement,,,
Country,OF TOTAL CASES,of_total_cases,daripada keseluruhan kes,,,全感染者数から,من اجمالي الحالات,,DARI TOTAL KASUS,AV TOTALA FALL,NG TOTAL NG MGA KASO,DE CASOS TOTALES,ALLER FÄLLE,စုစုပေါင်းဖြစ်နှုန်း,Wszystkich przypadków,,कुल मामलों में से ,,Trên tổng số ca,DO TOTAL DE CASOS,"மொத்த வழக்குகள்",DU NOMBRE TOTAL DE CAS,,,
Country,Time taken from confirmation to discharge,time_from_confirmation_to_discharge,Masa dari ,,,感染から完治までの時間,الوقت المستغرق ما بين تأكيد الحاله و الانتهاء منها,,Waktu yang dibutuhkan dari konfirmasi hingga dikeluarkan,Tid från bekräftad smitta till utskrivning,Oras mula kumpirmasyon hanggang discharge,Tiempo desde confirmación a dada de alta,Zeit von der Bestätigung bis zur Entlassung,ပြန်ကျန်းမာရန်ကြာချိန်,Czas intubacji,,पुष्टीकरण से रिहाई का समय,,Thời gian từ khi xác nhận đến khi xuất viện,Tempo entre a confirmação e a alta,"உறுதிப்படுத்தலில் இருந்து வெளியேற்ற நேரம்",Délai entre la confirmation et la sortie de l'hôpital,,,
Country,{number} days,number_of_days,{number} hari,,,{number}日,{number} الأيام,,{number} hari,{number} dagar,{number} araw,{number} días,{number} Tage,ရက်,{liczba} dni,,{number} दिन,,{number} ngày,{number} dias,"{எண்} நாட்கள்",{number} jours,,,
Country,+{number} since yesterday,increase_since_yesterday,{number} sejak semalam,,,{number}昨日より,{number} من الأمس,,+{number} sejak kemarin,+{number} sen igår,+{number} mula kahapon,+{number} desde ayer,+{number} zum Vortag,မနေ့မှ,{liczba} do wczoraj,,{number} कल से,,+{number} từ ngày hôm qua,+{number} desde ontem,+{எண்} நேற்று முதல்,+{number} depuis hier,,,
Country,+{number} new cases,increase_new_cases,,,,,,,,+{number} nya fall,,+{number} nuevos casos,,,{liczba} nowe przypadki,,,,,+{number} novos casos,,+{number} nouveaux cas,,,
Country,+{number} new deaths,increase_new_deaths,,,,,,,,+{number} nya dödsfall,,+{number} nuevos decesos,,,{liczba} nowe zgony,,,,,+{number} novas mortes,,+{number} nouveaux décès,,,
Country,Critical Cases treated in ICU,critical_cases_icu,kes kritikal di ICU,,,集中治療室の感染者数,الحالات الحرجة التي تم علاجها في وحدة العناية المركزة,,Kasus Kritis dirawat di ICU,Intensivvårdade,Mga Kritikal na Kaso sa ICU,Casos Críticos en UCI,Fälle in intensivmedizinischer Behandlung,အရေးပေါ်ကုသမှု,Krytyczne przypadki na OIOM,,गंभीर मामले जिनका इलाज ICU में हो रहा हे ,,Những ca nặng được điều trị trong phòng chăm sóc đặc biệt (ICU),Casos Críticos tratados na UTI,"ஐ.சி.யுவில் சிகிச்சையளிக்கப்பட்ட முக்கியமான வழக்குகள்",Cas Critiques en Unité de Soins Intensifs,,,
Country,of total cases,of total cases,daripada jumlah kes,,,全感染者数から,من اجمالي الحالات,,dari total kasus,av totala fall,ng total na mga kaso,de casos totales,aller Fälle,စုစုပေါင်းဖြစ်နှုန်း,ze wszystkich przypadków,,कुल मामलों में से ,,Trên tổng số ca,do total de casos,மொத்த வழக்குகள் ,du nombre total de cas,,,
Country,Daily Cases Receiving Treatment,daily_cases_receiving_treatment,Kes rawatan harian,,,毎日治療を受けている患者者数,الحالات اليومية التي تتلقي العلاج,,Kasus Harian yang Menerima Perawatan,Antal intensivvårdade per dag,Kaso sa Araw-araw na Tumatanggap ng Pangangalagang Medikal,Casos Diarios Reciviendo Tratamiento,Fälle in Behandlung pro Tag,နေ့စဉ်ကုသနှုန်း,Codzienne przypadki otrzymujące leczenie,,उपचार प्राप्त करने वाले दैनिक मामले,,Các ca được điều trị hàng ngày,Casos Recebendo Tratamento Diariamente,"சிகிச்சையைப் பெறும் தினசரி வழக்குகள்",Cas Quotidiens Recevant un Traitement,,,
Country,Daily Confirmed Cases,daily_confirmed_cases,Kes baharu harian,,,毎日感染者数,الحالات المؤكدة اليومية,,Kasus Terkonfirmasi Harian,Dagliga bekräftade fall,Kumpirmadong Kaso sa Araw-araw,Casos Diarios Confirmados,Bestätigte Fälle pro Tag,နေ့စဉ်တွေ့ရှိနှုန်း,Dzienne potwierdzone przypadki,,दैनिक पुष्टि के मामले,,Các ca được xác nhận hàng ngày,Casos Confirmados Diariamente,"தினசரி உறுதிப்படுத்தப்பட்ட வழக்குகள்",Cas Quotidiens Confirmés,,,
Country,Per Million Population,per_million_population,Per sejuta populasi,,,１００万毎の人数,لكل مليون نسمة,,Per Juta Penduduk,Per miljon invånare,Per Million Population,Por Millón de Habitantes,Pro Mio. Einwohner,ပျမ်းမျှဖြစ်နှုန်း,Na milion mieszkańców,,प्रति दस लाख लोगो की जनसंख्या,,Trên 1 triệu dân,Por Milhão de Pessoas,ஒரு மில்லியன் மக்கள் தொகைக்கு ,Par Million d'Habitants,,,
Country,Past 14 Days Chart,past_2_weeks_chart,Carta 14 hari lepas,,,14日前までのチャート,الرسم البياني لـ 14 يوما الماضية,,Grafik 14 Hari Terakhir,Föregående 14 dagar,Chart ng Nakaraang 14 na Araw,Gráfica de los últimos 14 días,Chart der letzten 14 Tage,14 ရက်ဇယား,Wykres ostatnich 14 dni,,पिछले 14 दिन का चार्ट,,Biểu đồ 14 ngày vừa qua,Gráfico dos Últimos 14 Dias,"கடந்த 14 நாட்கள் விளக்கப்படம்",Graphique des 14 Derniers Jours,,,
Meta tag,COVID-19 Corona Tracker,covid_corona_tracker,COVID-19 Corona Tracker,,,COVID-19コロナトラッカー,COVID-19 Corona Tracker,,COVID-19 Corona Tracker,COVID-19 Corona Tracker,COVID-19 Corona Tracker,COVID-19 Corona Tracker,COVID-19 Corona Tracker,ကိုရိုနာဗိုင်းရပ်စ်ပိုး Tracker,wyszukiwarka COVID-19,,COVID-19 कोरोना ट्रैकर,,COVID-19 Corona Tracker,Rastreador de Corona COVID-19,"கோவிட் -19 கொரோனா டிராக்கர்",COVID-19 Corona Tracker,,,
Meta tag,COVID-19 Corona Tracker: The only independent World Health Organization (WHO) recognized one stop platform for verified data and news.,covid_corona_tracker_description,COVID-19 Corona Tracker: Platform berita dan data sahih berkenaan COVID-10 yang diiktiraf World Health Organization (WHO).,,,COVID-19コロナトラッカー: 世界保健機関（ＷＨＯ）が認定された唯一独自データとニュースのワンストッププラットフォーム,COVID-19 Corona Tracker.المنصه الوحيدة المستقله المعتمده من منظمة الصحة العالمية في البيانات و الأخبار,,COVID-19 Corona Tracker: Satu-satunya Organisasi Kesehatan Dunia (WHO) bebas yang diakui sebagai platform data dan berita yang terverifikasi.,COVID-19 Corona Tracker: Den enda självständiga World Health Organization (WHO) erkända plattformen för verifierad data och nyheter. ,COVID-19 Corona Tracker: Ang bukod tanging plataporma ng kumpirmadong datos at balita na binigyan ng pagkilala ng World Health Organization (WHO),COVID-19 Corona Tracker: La única plataforma independiente de datos y noticias verificadas reconocida por la Organización Mundial de la Salud (OMS o WHO en Inglés).,,COVID-19 Corona Tracker: လွတ်လပ်သောတစ်ခုတည်းသောကမ္ဘာ့ကျန်းမာရေးအဖွဲ့ (WHO) ကအတည်ပြုပြီးသောအချက်အလက်နှင့်သတင်းများအတွက်တစ်နေရာတည်းတွင်ပလက်ဖောင်းတစ်ခုအသိအမှတ်ပြုခဲ့သည်။,"wyszukiwarka COVID-19: jedyna niezależna Światowa Organizacja Zdrowia (WHO) uznała platformę kompleksowej weryfikacji zweryfikowanych danych i wiadomości
",,COVID-19 कोरोना ट्रैकर: एकमात्र स्वतंत्र विश्व स्वास्थ्य संगठन (WHO) ने सत्यापित डेटा और समाचार के लिए वन स्टॉप प्लेटफॉर्म को मान्यता दी,,COVID-19 Corona Tracker: One-stop-platform độc lập duy nhất đã được Tổ chức Y tế Thế giới (WHO) công nhận để xác minh dữ liệu và tin tức.,Rastreador de Corona COVID-19: A única plataforma centralizada reconhecida pela Organização Mundial de Saúde (OMS) para dados verificados e notícias.,"கோவிட் -19 கொரோனா டிராக்கர்: சரிபார்க்கப்பட்ட தரவு மற்றும் செய்திகளுக்கான ஒரே ஒரு தளத்தை ஒரே சுயாதீனமான உலக சுகாதார அமைப்பு (WHO) அங்கீகரித்தது.",COVID-19 Corona Tracker : La seule plateforme tout-en-un indépendante pour les données et informations vérifiées reconnue par l'Organisation Mondiale de la Santé (OMS) ,,,
Meta tag,{country} COVID-19 Corona Tracker,covid_corona_tracker_country,COVID-19 {country} Corona Tracker,,,,COVID-19 {country} Corona Tracker,,COVID-19 {country} Pelacak Corona,{country} COVID-19 Corona Tracker,COVID-19 {country} Corona Tracker,COVID-19 {country} Corona Tracker,COVID-19 Corona-Tracker {country} ,COVID-19 {country} Corona Tracker,{miasto} wyszukiwarka COVID-19:,,COVID-19 {country} कोरोना ट्रैकर,,COVID-19 {country} Corona Tracker,Rastreador de Corona COVID-19 {country},"COVID-19 {நாடு} கொரோனா டிராக்கர்",COVID-19 {country} Corona Tracker,,,
Meta tag,{country} COVID-19 Corona Tracker: The only independent World Health Organization (WHO) recognized one stop platform for verified data and news.,covid_corona_tracker_country_description,{country} COVID-19 Corona Tracker: Platform berita dan data sahih berkenaan COVID-10 yang diiktiraf World Health Organization (WHO).,,,,COVID-19 Corona Tracker.المنصه الوحيدة المستقله المعتمده من منظمة الصحة العالمية في البيانات و الأخبار,,"{country} COVID-19 Corona Tracker: The only independent World Health Organization (WHO) recognized one stop platform for verified data and news.
",COVID-19 Corona Tracker: Den enda självständiga World Health Organization (WHO) erkända plattformen för verifierad data och nyheter.,{country} COVID-19 Corona Tracker: Ang bukod tanging plataporma ng kumpirmadong datos at balita na binigyan ng pagkilala ng World Health Organization (WHO),{country} COVID-19 Corona Tracker: La única plataforma independiente de datos y noticias verificadas reconocida por la Organización Mundial de la Salud (OMS o WHO en Inglés).,"{country} COVID-19 Corona-Tracker: Als die bisher einzige, unabhängige One-Stop-Plattform für verifizierte Daten und Nachrichten von der Weltgesundheitsorganisation (WHO) anerkannt.",COVID-19 Corona Tracker: လွတ်လပ်သောတစ်ခုတည်းသောကမ္ဘာ့ကျန်းမာရေးအဖွဲ့ (WHO) ကအတည်ပြုပြီးသောအချက်အလက်နှင့်သတင်းများအတွက်တစ်နေရာတည်းတွင်ပလက်ဖောင်းတစ်ခုအသိအမှတ်ပြုခဲ့သည်။,{miasto} wyszukiwarka COVID-19:Jedyna niezależna Światowa Organizacja Zdrowia (WHO) uznała platformę kompleksowej weryfikacji zweryfikowanych danych i wiadomości.,,{country} COVID-19 कोरोना ट्रैकर: एकमात्र स्वतंत्र विश्व स्वास्थ्य संगठन (WHO) ने सत्यापित डेटा और समाचार के लिए वन स्टॉप प्लेटफॉर्म को मान्यता दी,,{country} COVID-19 Corona Tracker: One-stop-platform độc lập duy nhất đã được Tổ chức Y tế Thế giới (WHO) công nhận để xác minh dữ liệu và tin tức.,Rastreador de Corona COVID-19 {country}: A única plataforma centralizada reconhecida pela Organização Mundial de Saúde (OMS) para dados verificados e notícias.,,{country} COVID-19 Corona Tracker : La seule plateforme tout-en-un indépendante pour les données et informations vérifiées reconnue par l'Organisation Mondiale de la Santé (OMS) ,,,
Meta tag,"COVID-19 related analytics, graphs, and charts",covid_related_material,"Carta, graf, dan analitik berkenaan COVID-19",,,COVID-19に関するデータ分析・グラフ・チャート,COVID-19 تحليلات للبيانات و رسم بياني,,COVID-19 analitik dan grafik terkait,"COVID-19 relaterad analys, grafik och diagram","pagsusuri, graphs at charts tungkol sa COVID-19 ","Gráficas, Análisis y Tablas relacionadas con el COVID-19","COVID-19 in Analysen, Grafiken und Charts","COVID-19 ဆက်စပ်ခွဲခြမ်းစိတ်ဖြာမှု, ဂရပ်များနှင့်ဇယား","Analizy, wykresy i wykresy związane z COVID-19",,"COVID-19 संबंधित विश्लेषण, ग्राफ़ और चार्ट",,"Phân tích, đồ thị và biểu đồ liên quan đến COVID-19",Estatísticas e gráficos relacionados ao COVID-19,"COVID-19 தொடர்பான பகுப்பாய்வு, வரைபடங்கள் மற்றும் விளக்கப்படங்கள்","Analyses, graphiques et tableaux liés au COVID-19",,,
Meta tag,"Visual presentations of COVID-19 related data from verified sources such as WHO, CDC, ECDC, NHC of the PRC, JHU CSSE, DXY, QQ, and various international media.",covid_related_material_description,"Presentasi visual data berkenaan COVID-19 adalah daripada sumber sahih seperti WHO, CDC, ECDC, NHC of the PRC, JHU CSSE, DXY, QQ, dan pelbagai media antarabangsa.",,,WHO、CDC、ECDC、PRCのNHC、JHU CSSE、DXY、QQ、様々なな国際メディアなどの信頼できるソースからのCOVID-19関連データの分かりやすいプレゼンテーション。,"COVID-19 العرض المرئي والبيانات المعتمده من جهات مختلفة مثل WHO, CDC, ECDC, NHC of the PRC, JHU CSSE, DXY, QQ و مختلف وسائل الاعلام العالمية",,"Presentasi visual dari data terkait COVID-19 dari sumber terverifikasi seperti WHO, CDC, ECDC, NHC PRC, JHU CSSE, DXY, QQ, dan berbagai media internasional.","Visuell presentation av COVID-19 relaterad data från verifierade källor som WHO, CDC, ECDC, NHS av PRC, JHU CSSE, DXY, QQ och diverse internationella medier.","Biswal na presentasyon ng datos ng COVID-19 mula sa mga kumpirmadong datos ng WHO, CDC, ECDC, NHC ng PRC, JHU CSSE, DXY, QQ, at iba pang international media. ","Presentaciones visuales de datos verificados relacionados con el COVID-19, de fuentes como OMS, CDC, ECDC, NHC de la PRC, JHU CSSE, DXY, QQ y diversas fuentes internacionales. ","Visuelle Präsentationen von Daten bzgl. COVID-19 aus verifizierten Quellen wie WHO, CDC, ECDC, NHC der VR China, JHU CSSE, DXY, QQ und verschiedenen internationalen Medien.",,"Wizualne prezentacje danych powiązanych z COVID-19 ze zweryfikowanych źródeł, takich jak WHO, CDC, ECDC, NHC z ChRL, JHU CSSE, DXY, QQ i różnych mediów międzynarodowych.",,"WHO, CDC, ECDC, PRC का NHC, JHU CSSE, DXY, QQ, और विभिन्न अंतरराष्ट्रीय मीडिया जैसे सत्यापित स्रोतों से COVID-19 संबंधित डेटा की दृश्य प्रस्तुतियाँ।",,"Dữ liệu liên quan đến COVID-19 được trình bày trực quan từ các nguồn được xác minh như WHO, CDC, ECDC, NHC of PRC, JHU CSSE, DXY, QQ và các phương tiện truyền thông quốc tế.","Apresentações visuais de dados relacionados ao COVID-19 de fontes verificadas tais como a OMS, CDC, ECDC, NHC da PRC, JHU CSSE, DXY, QQ, e várias mídias internacionais.","WHO, CDC, ECDC, PRC இன் NHC, JHU CSSE, DXY, QQ மற்றும் பல்வேறு சர்வதேச ஊடகங்கள் போன்ற சரிபார்க்கப்பட்ட மூலங்களிலிருந்து COVID-19 தொடர்பான தரவுகளின் காட்சி விளக்கக்காட்சிகள்.","Présentations visuelles de données liées au COVID-19 provenant de sources vérifiées telles que l'OMS, le CDC (Centre pour le contrôle et la prévention des maladies), le CEPCM, la Commission Nationale de la Santé de la RPC, le CSSE (Center for Systems Science and Engineering) de l'Université Johns Hopkins, DXY, QQ et divers médias internationaux.
",,,
Share,Share,share,Ketik kongsi,,,シェア,شارك,,,Dela,Share o Ibahagi,Compartir,Teilen,မျှဝေရန်,Udostępnij,,शेयर,,Chia sẻ,Compartilhar,"பகிர்",Partager,,,
Share,Global COVID-19 Stats Today,global_covid_stats_today,Statistik Global COVID-19 Hari Ini,,,今日の全世界ＣＯＶＩＤ－１９データ,COVID-19 احصائيات الحالات العالميه اليوم,,,Global COVID-19 Statistik Idag,Global COVID-19 Stats Ngayon,COVID-19 Estadísticas Globales de Hoy,Globale COVID-19-Daten von heute,ကမ္ဘာလုံးဆိုင်ရာကိုရိုနာစာရင်း,"Dzisiejsze globalne statystyki COVID-19
",,COVID-19 आज के वैश्विक आंकड़े ,,Chỉ số COVID-19 toàn cầu hôm nay,Estatísticas Mundiais do COVID-19 Hoje,"உலகளாவிய COVID-19 புள்ளிவிவரங்கள் இன்று",Bilan Global du COVID-19 Aujourd'hui,,,
Share,COVID-19 Stats Today,covid_stats_today,Statistik COVID-19 Hari Ini,,,今日のＣＯＶＩＤ－１９データ,COVID-19 احصائيات اليوم,,,COVID-19 Statistik Idag,COVID-19 Stats Ngayon,COVID-19 Estadísticas de Hoy,COVID-19-Daten von heute,နေ့စဉ်ကိုရိုနာစာရင်း,dzisiejsze statystyki COVID-19,,COVID-19 आज के आंकड़े ,,Chỉ số COVID-19 hôm nay,Estatísticas do COVID-19 Hoje,"COVID-19 புள்ளிவிவரங்கள் இன்று",Chiffres du COVID-19 Aujourd'hui,,,
Share,Critical Cases in ICU,Critical Cases in ICU,Kes kritikal di ICU,,,集中治療室の感染者数,الحالات الحرجة في وحدة العنايه المركزة,,,Kritiska intensivvårdsfall,Kritikal na mga Kaso sa ICU,Casos Críticos en UCI,Kritische Fälle in intensivmedizinischer Behandlung,အရေးပေါ်ကုသမှုများ,Krytyczne przypadki na OIOM,,आईसीयू में गंभीर मामले,,Các ca nặng chăm sóc đặc biệt,Casos Críticos na UTI,"ஐ.சி.யுவில் உள்ள  சிக்கலான வழக்குகள்",Cas Critiques en Unité de Soins Intensifs,,,
Share,Cases Receiving Treatment,Cases Receiving Treatment,Kes sedang dirawat,,,治療中の感染者数,الحالات التي تتلقي العلاج,,,Sjukdomsfall som får sjukvård,Mga Kasong Binibigyang Lunas ng Doktor,Casos recibiendo tratamiento,Fälle in Behandlung,ကုသမှုများ,Przypadki otrzymujące leczenie,,उपचार प्राप्त करने वाले मामले,,Các ca được điều trị,Casos Recebendo Tratamento,"சிகிச்சையைப் பெறும் வழக்குகள்",Cas Recevant un Traitement,,,
Share,COVID-19 Past 14 Days Cases,covid_cases_past_2_weeks,Kes COVID-19 14 Hari Lepas,,,過去14日のＣＯＶＩＤ－１９ケース,COVID-19 الحالات لل 14 يوم الماضية,,,COVID-19 Sjukdomsfall Föregående 14 dagar,Mga Kaso ng COVID-19 sa Nakaraang 14 na Araw,COVID-19 Casos en los Últimos 14 Días,COVID-19-Fälle der letzten 14 Tage,ကိုရိုနာ 14 ရက်ဇယား,COVID-19 w ciągi ostatnich 14 dni,,COVID-19 पिछले 14 दिनों के मामले,,COVID-19 Past 14 Days Cases,Casos de COVID-19 nos últimos 14 dias,"COVID-19 கடந்த 14 நாட்கள் வழக்குகள்",Cas de COVID-19 des 14 Derniers Jours,,,